SET session_replication_role = replica;

--
-- PostgreSQL database dump
--

-- Dumped from database version 15.8
-- Dumped by pg_dump version 15.8

SET statement_timeout = 0;
SET lock_timeout = 0;
SET idle_in_transaction_session_timeout = 0;
SET client_encoding = 'UTF8';
SET standard_conforming_strings = on;
SELECT pg_catalog.set_config('search_path', '', false);
SET check_function_bodies = false;
SET xmloption = content;
SET client_min_messages = warning;
SET row_security = off;

--
-- Data for Name: chapter; Type: TABLE DATA; Schema: public; Owner: postgres
--

INSERT INTO "public"."chapter" ("id", "title") VALUES
	(1, 'Ruled by Fire'),
	(2, 'Distorted Magic'),
	(3, 'Hardan''s Plateau'),
	(4, 'Deadlands'),
	(5, 'Cadang Thicket'),
	(6, 'Chaos Realm'),
	(7, 'Split of Tribes'),
	(8, 'Blazing Heart'),
	(9, 'Archipelago'),
	(10, 'Cursed Waters'),
	(11, 'Nordland'),
	(12, 'Boundless Snow'),
	(13, 'Crystal Throne');


--
-- Data for Name: equipment; Type: TABLE DATA; Schema: public; Owner: postgres
--

INSERT INTO "public"."equipment" ("slug", "name", "quality", "buy_value_gold", "buy_value_coin", "sell_value", "guild_activity_points", "crafting_gold_cost", "hero_level_required", "type", "campaign_sources") VALUES
	('ashen-bow', 'Ashen Bow', 'gray', 3, NULL, 1, 2, NULL, 5, 'equipable', '{1-10,3-1,3-7,5-8,9-8,10-11}'),
	('censer', 'Censer', 'gray', 1250, NULL, 250, 2, NULL, 3, 'equipable', '{1-7,2-13,3-15,4-3,5-4}'),
	('crossbow', 'Crossbow', 'gray', 2650, NULL, 530, 4, 2500, 4, 'equipable', NULL),
	('dagger', 'Dagger', 'gray', 1250, NULL, 250, 2, NULL, 3, 'equipable', '{1-6,1-7,2-12,3-15,4-2,5-3}'),
	('giants-belt', 'Giant''s Belt', 'gray', 3125, NULL, 625, 6, 3125, 3, 'equipable', NULL),
	('imperial-shield', 'Imperial Shield', 'gray', 1250, NULL, 250, 2, NULL, 3, 'equipable', '{1-5,1-8,3-2,3-12,4-14}'),
	('lucky-arrow', 'Lucky Arrow', 'gray', 1250, NULL, 250, 2, NULL, 3, 'equipable', '{1-8,2-14,3-15,4-4,5-5}'),
	('lucky-dice', 'Lucky Dice', 'gray', 1000, NULL, 200, 2, NULL, 1, 'equipable', '{1-4,2-7,3-11,4-13,9-6,10-5}'),
	('oil-lamp', 'Oil Lamp', 'gray', 1000, NULL, 200, 2, NULL, 2, 'equipable', '{1-1,1-6,2-9,3-10,4-7}'),
	('orcish-hammer', 'Orcish Hammer', 'gray', 2650, NULL, 530, 4, 4500, 4, 'equipable', NULL),
	('orcish-knuckles', 'Orcish Knuckles', 'gray', 1000, NULL, 200, 2, NULL, 1, 'equipable', '{1-2,2-1,2-2,9-9,10-8}'),
	('orcish-yatagan', 'Orcish Yatagan', 'gray', 1250, NULL, 250, 2, NULL, 3, 'equipable', '{1-5,1-9,3-3,3-13,5-1}'),
	('quiver', 'Quiver', 'gray', 1000, NULL, 200, 2, NULL, 2, 'equipable', '{1-1,1-4,2-8,3-6,4-5}'),
	('sledgehammer', 'Sledgehammer', 'gray', 1250, NULL, 250, 2, NULL, 5, 'equipable', '{1-9,2-10,3-4,5-7,9-7,10-9}'),
	('steel-pauldron', 'Steel Pauldron', 'gray', 1000, NULL, 200, 2, NULL, 1, 'equipable', '{1-3,2-5,3-9,4-12,9-5,9-14}'),
	('travellers-staff', 'Traveller''s Staff', 'gray', 1250, NULL, 250, 2, NULL, 5, 'equipable', '{1-10,2-15,3-5,4-9,5-9}'),
	('wizards-staff', 'Wizard''s Staff', 'gray', 3400, NULL, 680, 6, 4500, 4, 'equipable', NULL),
	('wooden-shield', 'Wooden Shield', 'gray', 1000, NULL, 200, 2, NULL, 1, 'equipable', '{1-3,2-3,2-6,9-2,10-10}'),
	('ancient-amulet', 'Ancient Amulet', 'green', 5400, NULL, 1080, 9, 27000, 20, 'equipable', NULL),
	('band-of-enlightenment', 'Band of Enlightenment', 'green', 1500, NULL, 300, 3, NULL, 24, 'equipable', '{3-2,4-13,6-6,7-3,9-7,9-13}'),
	('branch-of-antiaris', 'Branch of Antiaris', 'green', 1500, NULL, 300, 3, NULL, 12, 'equipable', '{2-1,2-8,4-1,4-2,5-8,6-8}'),
	('brothers', 'Brothers', 'green', 4500, NULL, 900, 10, 22500, 24, 'equipable', NULL),
	('brothers-fragment', 'Brothers (Fragment)', 'green', 750, NULL, 150, 2, NULL, NULL, 'fragment', '{3-9,5-3,7-6,7-13,10-3}'),
	('cains-seal', 'Cain''s Seal', 'green', 1500, NULL, 300, 3, NULL, 10, 'equipable', '{2-7,4-11,5-15,6-3,7-2,9-2}'),
	('cuirass', 'Cuirass', 'green', 1500, NULL, 300, 3, NULL, 10, 'equipable', '{2-5,3-10,4-9,5-10,6-1,6-15}'),
	('cursed-dagger', 'Cursed Dagger', 'green', 1500, NULL, 300, 3, NULL, 24, 'equipable', '{3-4,4-14,6-10,7-4,10-12}'),
	('dawnguard', 'Dawnguard', 'green', 4500, NULL, 900, 10, 22500, 24, 'equipable', NULL),
	('dawnguard-fragment', 'Dawnguard (Fragment)', 'green', 750, NULL, 150, 2, NULL, NULL, 'fragment', '{5-5,6-4,7-15,10-2,10-13}'),
	('elven-armor', 'Elven Armor', 'green', 3450, NULL, 690, 6, 13500, 20, 'equipable', NULL),
	('elven-bow', 'Elven Bow', 'green', 4825, NULL, 965, 8, 13500, 20, 'equipable', NULL),
	('elven-saber', 'Elven Saber', 'green', 3450, NULL, 690, 6, 13500, 20, 'equipable', NULL),
	('enchanters-staff', 'Enchanter''s Staff', 'green', 4825, NULL, 965, 8, 13500, 20, 'equipable', NULL),
	('fire-sword', 'Fire Sword', 'green', 1500, NULL, 300, 3, NULL, 10, 'equipable', '{2-3,3-1,4-7,5-2,5-13,6-13}'),
	('guardians-shield', 'Guardian''s Shield', 'green', 1500, NULL, 300, 3, NULL, 10, 'equipable', '{2-2,2-15,4-5,4-15,5-12,6-12}'),
	('infernal-messenger', 'Infernal Messenger', 'green', 3600, NULL, 720, 6, 18000, 24, 'equipable', NULL),
	('light-crystal', 'Light Crystal', 'green', 1500, NULL, 300, 3, NULL, 12, 'equipable', '{2-6,2-9,4-3,4-6,5-9,6-9}'),
	('lost-ring', 'Lost Ring', 'green', 1500, NULL, 300, 3, NULL, 10, 'equipable', '{2-4,3-6,4-8,5-6,5-14,6-14}'),
	('midnight-crystal', 'Midnight Crystal', 'green', 1500, NULL, 300, 3, NULL, 24, 'equipable', '{3-7,5-1,6-5,7-1,7-5,9-4}'),
	('poleaxe', 'Poleaxe', 'green', 4450, NULL, 890, 8, 13500, 20, 'equipable', NULL),
	('poleaxe-recipe', 'Poleaxe - Recipe', 'green', 1000, NULL, 200, 2, NULL, NULL, 'recipe', '{2-14,5-11,7-8,9-8}'),
	('portal-key', 'Portal Key', 'green', 3450, NULL, 690, 6, 13500, 20, 'equipable', NULL),
	('reaper', 'Reaper', 'green', 1500, NULL, 300, 3, NULL, 24, 'equipable', '{2-13,4-12,6-2,7-2,9-11,10-6}'),
	('screaming-blade', 'Screaming Blade', 'green', 4450, NULL, 890, 8, 13500, 20, 'equipable', NULL),
	('screaming-blade-recipe', 'Screaming Blade - Recipe', 'green', 1000, NULL, 200, 2, NULL, NULL, 'recipe', '{2-12,6-7,7-7,9-5}'),
	('shining-armor', 'Shining Armor', 'green', 3450, NULL, 690, 6, 13500, 20, 'equipable', NULL),
	('silent-guardian', 'Silent Guardian', 'green', 3600, NULL, 720, 6, 18000, 24, 'equipable', NULL),
	('skull-crusher', 'Skull Crusher', 'green', 4500, NULL, 900, 10, 22500, 20, 'equipable', NULL),
	('skull-crusher-fragment', 'Skull Crusher (Fragment)', 'green', 750, NULL, 150, 2, NULL, NULL, 'fragment', '{3-11,5-4,6-3,7-10,7-14,10-7}'),
	('soul-catcher', 'Soul Catcher', 'green', 4450, NULL, 890, 8, 13500, 20, 'equipable', NULL),
	('soul-catcher-recipe', 'Soul Catcher - Recipe', 'green', 1000, NULL, 200, 2, NULL, NULL, 'recipe', '{3-8,5-14,7-12,10-2}'),
	('spear-of-thunder', 'Spear of Thunder', 'green', 3600, NULL, 720, 6, 18000, 24, 'equipable', NULL),
	('sword-of-storms', 'Sword of Storms', 'green', 4500, NULL, 900, 10, 22500, 24, 'equipable', NULL),
	('sword-of-storms-fragment', 'Sword of Storms (Fragment)', 'green', 750, NULL, 150, 2, NULL, NULL, 'fragment', '{3-13,5-7,6-5,8-1,9-9,10-4}'),
	('trackers-boots', 'Tracker''s Boots', 'green', 1400, NULL, 300, 3, NULL, 12, 'equipable', '{2-10,2-11,4-4,4-10,5-11,6-11}'),
	('traitors-shield', 'Traitor''s Shield', 'green', 4450, NULL, 890, 8, 13500, 20, 'equipable', NULL),
	('traitors-shield-recipe', 'Traitor''s Shield - Recipe', 'green', 1000, NULL, 200, 2, NULL, NULL, 'recipe', '{3-3,5-12,7-9,9-3}'),
	('veil-of-fog', 'Veil of Fog', 'green', 3600, NULL, 720, 6, 18000, 24, 'equipable', NULL),
	('victors-helmet', 'Victor''s Helmet', 'green', 3450, NULL, 690, 6, 13500, 20, 'equipable', NULL),
	('voodoo-doll', 'Voodoo Doll', 'green', 4450, NULL, 890, 8, 13500, 20, 'equipable', NULL),
	('wall-breaker', 'Wall-Breaker', 'green', 4825, NULL, 965, 8, 13500, 20, 'equipable', NULL),
	('wizards-tiara', 'Wizard''s Tiara', 'green', 3450, NULL, 690, 6, 13500, 20, 'equipable', NULL),
	('branch-of-the-world-tree', 'Branch of the World Tree', 'blue', 9750, 322, 1950, 30, 22500, 42, 'equipable', NULL),
	('dark-grail', 'Dark Grail', 'blue', 9750, 322, 1950, 30, 22500, 38, 'equipable', NULL),
	('dragonslayers-spear', 'Dragonslayer''s Spear', 'blue', 30500, 1007, 6100, 75, 90000, 45, 'equipable', NULL),
	('dragonslayers-spear-recipe', 'Dragonslayer''s Spear - Recipe', 'blue', NULL, 363, 2200, 30, 30000, NULL, 'recipe', NULL),
	('elven-shield', 'Elven Shield', 'blue', 9750, 322, 1950, 30, 22500, 40, 'equipable', NULL),
	('enchanted-lute', 'Enchanted Lute', 'blue', 4500, 149, 900, 15, 22500, 30, 'equipable', NULL),
	('enchanted-lute-fragment', 'Enchanted Lute (Fragment)', 'blue', 750, NULL, 150, 3, NULL, NULL, 'fragment', '{4-5,5-2,6-12,8-8,12-6}'),
	('folding-crossbow', 'Folding Crossbow', 'blue', 26750, 883, 5350, 66, 90000, 46, 'equipable', NULL),
	('folding-crossbow-recipe', 'Folding Crossbow - Recipe', 'blue', NULL, 363, 2200, 30, 30000, NULL, 'recipe', NULL),
	('folding-crossbow-recipe-fragment', 'Folding Crossbow - Recipe (Fragment)', 'blue', 1000, NULL, 200, 3, NULL, NULL, 'fragment', '{5-5,7-11,9-13,11-15,13-2}'),
	('ghostly-blade', 'Ghostly Blade', 'blue', 8250, 273, 1650, 21, 22500, 40, 'equipable', NULL),
	('globus-cruciger', 'Globus Cruciger', 'blue', 39000, 1287, 7800, 90, 90000, 45, 'equipable', NULL),
	('hand-of-midas', 'Hand of Midas', 'blue', 30500, 1007, 6100, 75, 90000, 47, 'equipable', NULL),
	('hand-of-midas-recipe', 'Hand of Midas - Recipe', 'blue', NULL, 363, 2200, 30, 30000, NULL, 'recipe', NULL),
	('hand-of-midas-recipe-fragment', 'Hand of Midas - Recipe (Fragment)', 'blue', 1000, NULL, 200, 3, NULL, NULL, 'fragment', '{4-14,6-15,9-10,10-7,11-11,12-13}'),
	('hunter', 'Hunter', 'blue', 9750, 322, 1950, 30, 22500, 35, 'equipable', NULL),
	('lion-armor', 'Lion Armor', 'blue', 28250, 933, 5650, 75, 90000, 50, 'equipable', NULL),
	('lion-armor-recipe', 'Lion Armor - Recipe', 'blue', NULL, 363, 2200, 30, 30000, NULL, 'recipe', NULL),
	('lion-armor-recipe-fragment', 'Lion Armor - Recipe (Fragment)', 'blue', 1000, NULL, 200, 3, NULL, NULL, 'fragment', '{5-4,7-8,10-4,11-14,13-1}'),
	('magic-hat', 'Magic Hat', 'blue', 12000, 396, 2400, 30, 30000, 43, 'equipable', NULL),
	('magic-hat-fragment', 'Magic Hat (Fragment)', 'blue', 1000, NULL, 200, 3, NULL, NULL, 'fragment', '{4-11,7-7,8-9,10-14,11-8,12-10}'),
	('needle', 'Needle', 'blue', 4500, 149, 900, 15, 22500, 28, 'equipable', NULL),
	('needle-fragment', 'Needle (Fragment)', 'blue', 750, NULL, 150, 3, NULL, NULL, 'fragment', '{4-2,4-6,6-8,8-3,8-10,10-5,11-1,12-3}'),
	('portal-gem', 'Portal Gem', 'blue', 4500, 149, 900, 15, 22500, 32, 'equipable', NULL),
	('portal-gem-fragment', 'Portal Gem (Fragment)', 'blue', 750, NULL, 150, 3, NULL, NULL, 'fragment', '{4-8,5-10,6-14,8-13,10-12,11-6,12-8}'),
	('prince-of-thieves-armor', 'Prince of Thieves'' Armor', 'blue', 26750, 883, 5350, 66, 90000, 45, 'equipable', NULL),
	('prince-of-thieves-armor-recipe', 'Prince of Thieves'' Armor - Recipe', 'blue', NULL, 363, 2200, 30, 30000, NULL, 'recipe', NULL),
	('prince-of-thieves-armor-recipe-fragment', 'Prince of Thieves'' Armor - Recipe (Fragment)', 'blue', 1000, NULL, 200, 3, NULL, NULL, 'fragment', '{5-7,7-13,9-14,12-1,13-3}'),
	('prosperos-helmet', 'Prospero''s Helmet', 'blue', 9750, 322, 1950, 30, 22500, 1, 'equipable', NULL),
	('punishing-hand', 'Punishing Hand', 'blue', 8250, 273, 1650, 21, 22500, 41, 'equipable', NULL),
	('raven-kings-cloak', 'Raven King''s Cloak', 'blue', 9750, 322, 1950, 30, 22500, 40, 'equipable', NULL),
	('sacred-rosary', 'Sacred Rosary', 'blue', 4500, 149, 900, 15, 22500, 28, 'equipable', NULL),
	('sacred-rosary-fragment', 'Sacred Rosary (Fragment)', 'blue', 750, NULL, 150, 3, NULL, NULL, 'fragment', '{4-3,4-10,6-9,8-4,10-8,11-2,12-4}'),
	('sacrificial-dagger', 'Sacrificial Dagger', 'blue', 12000, 396, 2400, 30, 30000, 44, 'equipable', NULL),
	('sacrificial-dagger-fragment', 'Sacrificial Dagger (Fragment)', 'blue', 1000, NULL, 200, 3, NULL, NULL, 'fragment', '{4-13,7-12,8-14,11-10,12-12}'),
	('sages-crown', 'Sage''s Crown', 'blue', 30500, 1007, 6100, 75, 90000, 50, 'equipable', NULL),
	('sages-crown-recipe', 'Sage''s Crown - Recipe', 'blue', NULL, 363, 2200, 30, 30000, NULL, 'recipe', NULL),
	('sages-crown-recipe-fragment', 'Sage''s Crown - Recipe (Fragment)', 'blue', 1000, NULL, 200, 3, NULL, NULL, 'fragment', '{5-1,7-3,9-11,10-3,11-12,12-14}'),
	('scorching-quiver', 'Scorching Quiver', 'blue', 12000, 396, 2400, 30, 30000, 43, 'equipable', NULL),
	('scorching-quiver-fragment', 'Scorching Quiver (Fragment)', 'blue', 1000, NULL, 200, 3, NULL, NULL, 'fragment', '{4-12,7-9,8-12,10-1,11-9,12-11}'),
	('serenity-stone', 'Serenity Stone', 'blue', 4500, 149, 900, 15, 22500, 30, 'equipable', NULL),
	('serenity-stone-fragment', 'Serenity Stone (Fragment)', 'blue', 750, NULL, 150, 3, NULL, NULL, 'fragment', '{4-4,4-15,6-11,8-5,10-9,11-3,12-5}'),
	('splitter', 'Splitter', 'blue', 4500, 149, 900, 15, 22500, 32, 'equipable', NULL),
	('splitter-fragment', 'Splitter (Fragment)', 'blue', 750, NULL, 150, 3, NULL, NULL, 'fragment', '{4-7,5-6,6-13,8-11,10-11,11-5,12-7}'),
	('storm-hammer', 'Storm Hammer', 'blue', 12000, 396, 2400, 30, 30000, 43, 'equipable', NULL),
	('storm-hammer-fragment', 'Storm Hammer (Fragment)', 'blue', 1000, NULL, 200, 3, NULL, NULL, 'fragment', '{4-9,7-4,8-7,10-13,11-7,12-9}'),
	('thunderfoot-boots', 'Thunderfoot Boots', 'blue', 9750, 322, 1950, 30, 22500, 40, 'equipable', NULL),
	('trackers-shield', 'Tracker''s Shield', 'blue', 8250, 273, 1650, 21, 22500, 40, 'equipable', NULL),
	('voodoo-staff', 'Voodoo Staff', 'blue', 8250, 273, 1650, 21, 22500, 41, 'equipable', NULL),
	('wyverns-heart', 'Wyvern''s Heart', 'blue', 4500, 149, 900, 15, 22500, 28, 'equipable', NULL),
	('wyverns-heart-fragment', 'Wyvern''s Heart (Fragment)', 'blue', 750, NULL, 150, 3, NULL, NULL, 'fragment', '{3-14,4-1,8-2,8-6,12-2}'),
	('advisor', 'Advisor', 'violet', 16500, 1650, 3300, 80, 45000, 58, 'equipable', NULL),
	('advisor-fragment', 'Advisor (Fragment)', 'violet', 750, NULL, 150, 4, NULL, NULL, 'fragment', '{6-1,7-3,7-10,8-13}'),
	('all-seer', 'All-seer', 'violet', 65250, 6525, 13050, 270, 157500, 1, 'equipable', NULL),
	('angels-mace', 'Angel''s Mace', 'violet', 151500, 15150, 30300, 620, 217500, 75, 'equipable', NULL),
	('angels-mace-recipe', 'Angel''s Mace - Recipe', 'violet', NULL, 1650, 2750, 80, 60000, NULL, 'recipe', NULL),
	('angels-mace-recipe-fragment', 'Angel''s Mace - Recipe (Fragment)', 'violet', 625, NULL, 125, 4, NULL, NULL, 'fragment', '{8-2,8-12,13-15}'),
	('apostles-mace', 'Apostle''s Mace', 'violet', 65250, 6525, 13050, 270, 157500, 69, 'equipable', NULL),
	('archangels-mace', 'Archangel''s Mace', 'violet', 343250, 34325, 68650, 1440, 382500, 80, 'equipable', NULL),
	('blade-bow', 'Blade Bow', 'violet', 36000, 3600, 7200, 160, 90000, 1, 'equipable', NULL),
	('book-of-fate', 'Book of Fate', 'violet', 298250, 29825, 59650, 1320, 382500, 80, 'equipable', NULL),
	('book-of-fate-recipe', 'Book of Fate - Recipe', 'violet', NULL, 4125, 5500, 200, 75000, NULL, 'recipe', NULL),
	('book-of-fate-recipe-fragment', 'Book of Fate - Recipe (Fragment)', 'violet', 500, NULL, 100, 4, NULL, NULL, 'fragment', '{8-5,9-6,11-3,13-7}'),
	('book-of-prophecies', 'Book of Prophecies', 'violet', 129000, 12900, 25800, 560, 217500, 75, 'equipable', NULL),
	('book-of-prophecies-recipe', 'Book of Prophecies - Recipe', 'violet', NULL, 1650, 2750, 80, 60000, NULL, 'recipe', NULL),
	('book-of-prophecies-recipe-fragment', 'Book of Prophecies - Recipe (Fragment)', 'violet', 625, NULL, 125, 4, NULL, NULL, 'fragment', '{8-3,8-14,10-15,11-6,13-10,13-14}'),
	('book-of-tales', 'Book of Tales', 'violet', 54000, 5400, 10800, 240, 135000, 69, 'equipable', NULL),
	('cosmic-tremor', 'Cosmic Tremor', 'violet', 223250, 22325, 44650, 1000, 382500, 80, 'equipable', NULL),
	('cosmic-tremor-recipe', 'Cosmic Tremor - Recipe', 'violet', NULL, 4125, 5500, 200, 75000, NULL, 'recipe', NULL),
	('cosmic-tremor-recipe-fragment', 'Cosmic Tremor - Recipe (Fragment)', 'violet', 500, NULL, 100, 4, NULL, NULL, 'fragment', '{8-4,10-10,11-8,13-4,13-12}'),
	('desert-blade', 'Desert Blade', 'violet', 16500, 1650, 3300, 80, 45000, 59, 'equipable', NULL),
	('desert-blade-fragment', 'Desert Blade (Fragment)', 'violet', 750, NULL, 150, 4, NULL, NULL, 'fragment', '{5-14,7-2,7-6,8-11,9-1}'),
	('diviners-orb', 'Diviner''s Orb', 'violet', 91500, 9150, 18300, 400, 217500, 73, 'equipable', NULL),
	('diviners-orb-recipe', 'Diviner''s Orb - Recipe', 'violet', NULL, 1650, 2750, 80, 60000, NULL, 'recipe', NULL),
	('diviners-orb-recipe-fragment', 'Diviner''s Orb - Recipe (Fragment)', 'violet', 625, NULL, 125, 4, NULL, NULL, 'fragment', '{7-12,8-7,10-1}'),
	('dragon-shield', 'Dragon Shield', 'violet', 27000, 2700, 5400, 110, 45000, 61, 'equipable', NULL),
	('dragon-shield-recipe', 'Dragon Shield - Recipe', 'violet', NULL, 1650, 3300, 80, 45000, NULL, 'recipe', NULL),
	('dragon-shield-recipe-fragment', 'Dragon Shield - Recipe (Fragment)', 'violet', 750, NULL, 150, 4, NULL, NULL, 'fragment', '{6-5,7-5,8-4,8-15}'),
	('dragon-tooth', 'Dragon Tooth', 'violet', 27000, 2700, 5400, 110, 45000, 61, 'equipable', NULL),
	('dragon-tooth-recipe', 'Dragon Tooth - Recipe', 'violet', NULL, 1650, 3300, 80, 45000, NULL, 'recipe', NULL),
	('dragon-tooth-recipe-fragment', 'Dragon Tooth - Recipe (Fragment)', 'violet', 750, NULL, 150, 4, NULL, NULL, 'fragment', '{6-11,7-8,8-9}'),
	('elephant-guard', 'Elephant Guard', 'violet', 54000, 5400, 10800, 240, 13500, 68, 'equipable', NULL),
	('executioners-sword', 'Executioner''s Sword', 'violet', 47250, 4725, 9450, 190, 112500, 67, 'equipable', NULL),
	('flaming-heart', 'Flaming Heart', 'violet', 16500, 1650, 3300, 80, 45000, 58, 'equipable', NULL),
	('flaming-heart-fragment', 'Flaming Heart (Fragment)', 'violet', 750, NULL, 150, 4, NULL, NULL, 'fragment', '{5-8,5-15,6-4,7-14,8-1}'),
	('funeral-totem', 'Funeral Totem', 'violet', 16500, 1650, 3300, 80, 45000, 60, 'equipable', NULL),
	('funeral-totem-fragment', 'Funeral Totem (Fragment)', 'violet', 750, NULL, 150, 4, NULL, NULL, 'fragment', '{6-3,7-4,7-15,8-15}'),
	('giant-slayer', 'Giant-Slayer', 'violet', 16500, 1650, 3300, 80, 45000, 58, 'equipable', NULL),
	('giant-slayer-fragment', 'Giant-Slayer (Fragment)', 'violet', 750, NULL, 150, 4, NULL, NULL, 'fragment', '{5-9,6-2,6-7,8-2,8-6}'),
	('governor', 'Governor', 'violet', 54000, 5400, 10800, 240, 135000, 68, 'equipable', NULL),
	('hand-of-glory', 'Hand of Glory', 'violet', 16500, 1650, 3300, 80, 45000, 59, 'equipable', NULL),
	('hand-of-glory-fragment', 'Hand of Glory (Fragment)', 'violet', 750, NULL, 150, 4, NULL, NULL, 'fragment', '{5-13,6-12,6-14,7-1,8-8,9-1}'),
	('lion-helmet', 'Lion Helmet', 'violet', 36000, 3600, 7200, 160, 90000, 67, 'equipable', NULL),
	('minotaurs-head', 'Minotaur''s Head', 'violet', 16500, 1650, 3300, 80, 45000, 59, 'equipable', NULL),
	('minotaurs-head-fragment', 'Minotaur''s Head (Fragment)', 'violet', 750, NULL, 150, 4, NULL, NULL, 'fragment', '{5-12,6-10,8-5,9-1}'),
	('panoptic-orb', 'Panoptic Orb', 'violet', 223250, 22325, 44650, 1000, 382500, 80, 'equipable', NULL),
	('panoptic-orb-recipe', 'Panoptic Orb - Recipe', 'violet', 2750, 4125, 5500, 200, 75000, NULL, 'recipe', NULL),
	('pastors-seal', 'Pastor''s Seal', 'violet', 16500, 1650, 3300, 80, 45000, 58, 'equipable', NULL),
	('pastors-seal-fragment', 'Pastor''s Seal (Fragment)', 'violet', 750, NULL, 150, 4, NULL, NULL, 'fragment', '{5-11,6-6,6-9,8-3,8-10}'),
	('primordial-word', 'Primordial Word', 'violet', 27000, 2700, 5400, 110, 45000, 61, 'equipable', NULL),
	('primordial-word-recipe', 'Primordial Word - Recipe', 'violet', NULL, 1650, 3300, 80, 45000, NULL, 'recipe', NULL),
	('primordial-word-recipe-fragment', 'Primordial Word - Recipe (Fragment)', 'violet', 750, NULL, 150, 4, NULL, NULL, 'fragment', '{6-13,7-11,8-12}'),
	('siege-crossbow', 'Siege Crossbow', 'violet', 54000, 5400, 10800, 240, 135000, 68, 'equipable', NULL),
	('sirens-song', 'Siren''s Song', 'violet', 27000, 2700, 5400, 110, 45000, 61, 'equipable', NULL),
	('sirens-song-recipe', 'Siren''s Song - Recipe', 'violet', NULL, 1650, 3300, 80, 45000, NULL, 'recipe', NULL),
	('sirens-song-recipe-fragment', 'Siren''s Song - Recipe (Fragment)', 'violet', 750, NULL, 150, 4, NULL, NULL, 'fragment', '{6-8,7-7,8-7}'),
	('staff-of-moranas-nimbus', 'Staff of Morana''s Nimbus', 'violet', 223250, 22325, 44650, 1000, 382500, 80, 'equipable', NULL),
	('staff-of-moranas-nimbus-recipe', 'Staff of Morana''s Nimbus - Recipe', 'violet', NULL, 4125, 5500, 200, 75000, NULL, 'recipe', NULL),
	('staff-of-moranas-nimbus-recipe-fragment', 'Staff of Morana''s Nimbus - Recipe (Fragment)', 'violet', 500, NULL, 100, 4, NULL, NULL, 'fragment', '{8-11,9-15,11-5,13-9}'),
	('staff-of-selenas-halo', 'Staff of Selena''s Halo', 'violet', 91500, 9150, 18300, 400, 217500, 1, 'equipable', NULL),
	('staff-of-selenas-halo-recipe', 'Staff of Selena''s Halo - Recipe', 'violet', NULL, 1650, 2750, 80, 60000, NULL, 'recipe', NULL),
	('staff-of-selenas-halo-recipe-fragment', 'Staff of Selena''s Halo - Recipe (Fragment)', 'violet', 625, NULL, 125, 4, NULL, NULL, 'fragment', '{7-14,8-9}'),
	('sword-of-thorns', 'Sword of Thorns', 'violet', 47250, 4725, 9450, 190, 112500, 67, 'equipable', NULL),
	('talisman', 'Talisman', 'violet', 47250, 4725, 9450, 190, 112500, 67, 'equipable', NULL),
	('traitors-crown', 'Traitor''s Crown', 'violet', 36000, 3600, 7200, 160, 90000, 67, 'equipable', NULL),
	('trine', 'Trine', 'violet', 54000, 5400, 10800, 240, 135000, 69, 'equipable', NULL),
	('wasp', 'Wasp', 'violet', 44000, 4400, 8800, 140, 105000, 67, 'equipable', NULL),
	('wasp-recipe', 'Wasp - Recipe', 'violet', NULL, 1650, 3300, 80, 45000, NULL, 'recipe', NULL),
	('wasp-recipe-fragment', 'Wasp - Recipe (Fragment)', 'violet', 750, NULL, 150, 4, NULL, NULL, 'fragment', '{6-15,7-13,8-14,13-13}'),
	('world-tremor', 'World Tremor', 'violet', 91500, 9150, 18300, 400, 217500, 72, 'equipable', NULL),
	('world-tremor-recipe-fragment', 'World Tremor - Recipe (Fragment)', 'violet', 625, NULL, 125, 4, NULL, NULL, 'fragment', '{7-9,11-2,13-6}'),
	('alchemists-set', 'Alchemist''s Set', 'orange', 66000, NULL, 13200, 320, 180000, 90, 'equipable', NULL),
	('all-seeing-eye', 'All-Seeing Eye', 'orange', 268875, NULL, 53775, 1200, 506250, 100, 'equipable', NULL),
	('all-seeing-eye-recipe', 'All-Seeing Eye - Recipe', 'orange', NULL, NULL, 13200, 320, 180000, NULL, 'recipe', NULL),
	('all-seeing-eye-recipe-fragment', 'All-Seeing Eye - Recipe (Fragment)', 'orange', 750, 82, 150, 4, NULL, NULL, 'fragment', '{12-8,12-10,13-5,13-12}'),
	('alucards-amulet', 'Alucard''s Amulet', 'orange', 246750, NULL, 49350, 1120, 472500, 100, 'equipable', NULL),
	('alucards-amulet-recipe', 'Alucard''s Amulet - Recipe', 'orange', NULL, NULL, 13200, 320, 180000, NULL, 'recipe', NULL),
	('alucards-amulet-recipe-fragment', 'Alucard''s Amulet - Recipe (Fragment)', 'orange', 750, 82, 150, 4, NULL, NULL, 'fragment', '{9-3,11-6,12-2,12-9}'),
	('aquants-trident', 'Aquant''s Trident', 'orange', 268875, NULL, 53775, 1180, 506250, 100, 'equipable', NULL),
	('aquants-trident-recipe', 'Aquant''s Trident - Recipe', 'orange', NULL, NULL, 13200, 320, 180000, NULL, 'recipe', NULL),
	('aquants-trident-recipe-fragment', 'Aquant''s Trident - Recipe (Fragment)', 'orange', 750, 82, 150, 4, NULL, NULL, 'fragment', '{10-13,13-2,13-12,13-14}'),
	('asklepius-staff', 'Asklepius'' Staff', 'orange', 198375, NULL, 39675, 860, 371250, 100, 'equipable', NULL),
	('asklepius-staff-recipe', 'Asklepius'' Staff - Recipe', 'orange', NULL, NULL, 13200, 320, 180000, NULL, 'recipe', NULL),
	('asklepius-staff-recipe-fragment', 'Asklepius'' Staff - Recipe (Fragment)', 'orange', 750, 82, 150, 4, NULL, NULL, 'fragment', '{10-8,12-1,13-3,13-9}'),
	('blade-of-the-immortals', 'Blade of the Immortals', 'orange', 176250, NULL, 35250, 800, 337500, 100, 'equipable', NULL),
	('blade-of-the-immortals-recipe', 'Blade of the Immortals - Recipe', 'orange', NULL, NULL, 13200, 320, 180000, NULL, 'recipe', NULL),
	('blade-of-the-immortals-recipe-fragment', 'Blade of the Immortals - Recipe (Fragment)', 'orange', 750, 82, 150, 4, NULL, NULL, 'fragment', '{10-3,11-10,12-4,12-13}'),
	('blued-plate-armor', 'Blued Plate Armor', 'orange', 198375, NULL, 39675, 860, 371250, 100, 'equipable', NULL),
	('blued-plate-armor-recipe', 'Blued Plate Armor - Recipe', 'orange', NULL, NULL, 13200, 320, 180000, NULL, 'recipe', NULL),
	('blued-plate-armor-recipe-fragment', 'Blued Plate Armor - Recipe (Fragment)', 'orange', 750, 82, 150, 4, NULL, NULL, 'fragment', '{10-7,11-15,13-1,13-8}'),
	('citadel-guardian', 'Citadel Guardian', 'orange', 66000, NULL, 13200, 320, 180000, 90, 'equipable', NULL),
	('citadel-guardian-fragment', 'Citadel Guardian (Fragment)', 'orange', NULL, 82, 150, 4, NULL, NULL, 'fragment', '{9-4,10-1,11-8,11-12,12-4}'),
	('creators-feathering', 'Creator''s Feathering', 'orange', 268875, NULL, 53775, 1200, 506250, 1, 'equipable', NULL),
	('creators-feathering-recipe', 'Creator''s Feathering - Recipe', 'orange', NULL, NULL, 13200, 320, 180000, NULL, 'recipe', NULL),
	('creators-feathering-recipe-fragment', 'Creator''s Feathering - Recipe (Fragment)', 'orange', 750, 82, 150, 4, NULL, NULL, 'fragment', '{12-9,12-15,13-11,13-13}'),
	('dwarven-hardbane', 'Dwarven Hardbane', 'orange', 297000, NULL, 59400, 1280, 567000, 108, 'equipable', NULL),
	('dwarven-hardbane-recipe', 'Dwarven Hardbane - Recipe', 'orange', NULL, NULL, 13200, 320, 180000, NULL, 'recipe', NULL),
	('dwarven-hardbane-recipe-fragment', 'Dwarven Hardbane - Recipe (Fragment)', 'orange', 750, 82, 150, 4, NULL, NULL, 'fragment', '{12-1,12-12,12-14,13-15}'),
	('enchanted-chain', 'Enchanted Chain', 'orange', 66000, NULL, 13200, 320, 180000, 90, 'equipable', NULL),
	('enchanted-chain-fragment', 'Enchanted Chain (Fragment)', 'orange', NULL, 82, 150, 4, NULL, NULL, 'fragment', '{9-7,10-6,10-11,11-9,12-3}'),
	('enigmas-chronicles', 'Enigma''s Chronicles', 'orange', 66000, NULL, 13200, 320, 180000, 90, 'equipable', NULL),
	('enigmas-chronicles-fragment', 'Enigma''s Chronicles (Fragment)', 'orange', NULL, 82, 150, 4, NULL, NULL, 'fragment', '{9-14}'),
	('evil-genius-cuirass-recipe', 'Evil Genius Cuirass - Recipe', 'orange', NULL, NULL, 13200, 320, 337500, NULL, 'recipe', NULL),
	('evil-genius-cuirass-recipe-fragment', 'Evil Genius Cuirass - Recipe (Fragment)', 'orange', 750, 82, 150, 4, NULL, NULL, 'fragment', NULL),
	('evil-genius-cuirass', 'Evil Genius Cuirass', 'orange', 561000, NULL, 112200, 2560, 1181250, 120, 'equipable', NULL),
	('gro-bulgors-poleaxe', 'Gro Bulgor''s Poleaxe', 'orange', 66000, NULL, 13200, 320, 180000, 90, 'equipable', NULL),
	('gro-bulgors-poleaxe-fragment', 'Gro Bulgor''s Poleaxe (Fragment)', 'orange', NULL, 82, 150, 4, NULL, NULL, 'fragment', '{9-5,10-10,10-14,11-5,12-2,13-7}'),
	('harunian-helm', 'Harunian Helm', 'orange', 66000, NULL, 13200, 320, 180000, 90, 'equipable', NULL),
	('harunian-helm-fragment', 'Harunian Helm (Fragment)', 'orange', NULL, 82, 150, 4, NULL, NULL, 'fragment', '{9-4}'),
	('hellion-harpoon', 'Hellion Harpoon', 'orange', 66000, NULL, 13200, 320, 180000, 90, 'equipable', NULL),
	('hellion-harpoon-fragment', 'Hellion Harpoon (Fragment)', 'orange', NULL, 82, 150, 4, NULL, NULL, 'fragment', '{9-10,9-13,11-11,11-13,12-7}'),
	('key-to-all-doors', 'Key to All Doors', 'orange', 561000, NULL, 112200, 2560, 1181250, 120, 'equipable', NULL),
	('key-to-all-doors-recipe', 'Key to All Doors - Recipe', 'orange', NULL, NULL, 13200, 320, 337500, NULL, 'recipe', NULL),
	('key-to-all-doors-recipe-fragment', 'Key to All Doors - Recipe (Fragment)', 'orange', 750, 82, 150, 4, NULL, NULL, 'fragment', NULL),
	('la-morts-map', 'La Mort''s Map', 'orange', 66000, NULL, 13200, 320, 180000, 90, 'equipable', NULL),
	('la-morts-map-fragment', 'La Mort''s Map (Fragment)', 'orange', NULL, NULL, 150, 4, NULL, NULL, 'fragment', '{9-9,10-5,11-2,11-4,13-5}'),
	('light-of-distant-stars', 'Light of Distant Stars', 'orange', 577500, NULL, 115500, 2480, 1212750, 115, 'equipable', NULL),
	('light-of-distant-stars-recipe', 'Light of Distant Stars - Recipe', 'orange', NULL, NULL, 13200, 320, 337500, NULL, 'recipe', NULL),
	('light-of-distant-stars-recipe-fragment', 'Light of Distant Stars - Recipe (Fragment)', 'orange', 750, 82, 150, 4, NULL, NULL, 'fragment', '{13-2,13-8}'),
	('lycanthropes-fang', 'Lycanthrope''s Fang', 'orange', 66000, NULL, 13200, 320, 180000, 90, 'equipable', NULL),
	('oppressors-crown', 'Oppressor''s Crown', 'orange', 495000, NULL, 99000, 2240, 1055250, 115, 'equipable', NULL),
	('oppressors-crown-recipe', 'Oppressor''s Crown - Recipe', 'orange', NULL, NULL, 13200, 320, 337500, NULL, 'recipe', NULL),
	('oppressors-crown-recipe-fragment', 'Oppressor''s Crown - Recipe (Fragment)', 'orange', 750, 82, 150, 4, NULL, NULL, 'fragment', '{13-6,13-9}'),
	('oracles-censer', 'Oracle''s Censer', 'orange', 280500, NULL, 56100, 1200, 535500, 108, 'equipable', NULL),
	('oracles-censer-recipe', 'Oracle''s Censer - Recipe', 'orange', NULL, NULL, 13200, 320, 180000, NULL, 'recipe', NULL),
	('oracles-censer-recipe-fragment', 'Oracle''s Censer - Recipe (Fragment)', 'orange', 750, 82, 150, 4, NULL, NULL, 'fragment', '{12-6,12-13,13-1}'),
	('radiant-armor', 'Radiant Armor', 'orange', 268875, NULL, 53775, 1200, 506250, 100, 'equipable', NULL),
	('apprentices-mantle', 'Apprentice''s Mantle', 'gray', 1000, NULL, 200, 2, NULL, 1, 'equipable', '{1-3,2-4,3-8,4-11,9-4,9-12}'),
	('travellers-shoes', 'Traveller''s Shoes', 'gray', 1000, NULL, 200, 2, NULL, 2, 'equipable', '{1-1,1-6,2-11,4-8,9-3,10-14}'),
	('voodoo-doll-recipe', 'Voodoo Doll - Recipe', 'green', 1000, NULL, 200, 2, NULL, NULL, 'recipe', '{3-5,5-13,7-11,9-15}'),
	('dragonslayers-spear-recipe-fragment', 'Dragonslayer''s Spear - Recipe (Fragment)', 'blue', 1000, NULL, 200, 3, NULL, NULL, 'fragment', '{5-3,7-5,9-12,11-13,12-15}'),
	('archangels-mace-recipe', 'Archangel''s Mace - Recipe', 'violet', NULL, 4125, 5500, 200, 75000, NULL, 'recipe', NULL),
	('archangels-mace-recipe-fragment', 'Archangel''s Mace - Recipe (Fragment)', 'violet', 500, NULL, 100, 4, NULL, NULL, 'fragment', '{8-8,9-10,11-4,13-8}'),
	('panoptic-orb-recipe-fragment', 'Panoptic Orb - Recipe (Fragment)', 'violet', 500, NULL, 100, 4, NULL, NULL, 'fragment', '{8-13,10-6,11-1,11-7,13-5,13-11}'),
	('world-tremor-recipe', 'World Tremor - Recipe', 'violet', NULL, 1650, 2750, 80, 60000, NULL, 'recipe', NULL),
	('alchemists-set-fragment', 'Alchemist''s Set (Fragment)', 'orange', NULL, 82, 150, 4, NULL, NULL, 'fragment', '{9-2,10-9,10-15,11-11,11-13,13-3}'),
	('lycanthropes-fang-fragment', 'Lycanthrope''s Fang (Fragment)', 'orange', NULL, 82, 150, 4, NULL, NULL, 'fragment', '{9-12,10-2,11-1,11-3,11-14,13-4}'),
	('radiant-armor-recipe', 'Radiant Armor - Recipe', 'orange', NULL, NULL, 13200, 320, 180000, NULL, 'recipe', NULL),
	('radiant-armor-recipe-fragment', 'Radiant Armor - Recipe (Fragment)', 'orange', 750, NULL, 150, 4, NULL, NULL, 'fragment', '{12-6,12-7,13-4,13-11}'),
	('riversars-tiara', 'Riversar''s Tiara', 'orange', 66000, NULL, 13200, 320, 180000, 90, 'equipable', NULL),
	('riversars-tiara-fragment', 'Riversar''s Tiara (Fragment)', 'orange', NULL, 82, 150, 4, NULL, NULL, 'fragment', '{9-11,9-15,11-7,11-9,12-5}'),
	('rulers-globus', 'Ruler''s Globus', 'orange', 528000, NULL, 105600, 2400, 1008000, 108, 'equipable', NULL),
	('rulers-globus-recipe', 'Ruler''s Globus - Recipe', 'orange', NULL, NULL, 13200, 320, 180000, NULL, 'recipe', NULL),
	('rulers-globus-recipe-fragment', 'Ruler''s Globus - Recipe (Fragment)', 'orange', 750, 82, 150, 4, NULL, NULL, 'fragment', '{11-15,12-11,13-10,13-14}'),
	('song-of-the-valkyries', 'Song of the Valkyries', 'orange', 561000, NULL, 112200, 2560, 1181250, 120, 'equipable', NULL),
	('song-of-the-valkyries-recipe', 'Song of the Valkyries - Recipe', 'orange', NULL, NULL, 13200, 320, 337500, NULL, 'recipe', NULL),
	('song-of-the-valkyries-recipe-fragment', 'Song of the Valkyries - Recipe (Fragment)', 'orange', 750, 82, 150, 4, NULL, NULL, 'fragment', NULL),
	('sphere-of-power', 'Sphere of Power', 'orange', 246750, NULL, 49350, 1120, 472500, 100, 'equipable', NULL),
	('sphere-of-power-recipe', 'Sphere of Power - Recipe', 'orange', NULL, NULL, 13200, 320, 180000, NULL, 'recipe', NULL),
	('sphere-of-power-recipe-fragment', 'Sphere of Power - Recipe (Fragment)', 'orange', 750, 82, 150, 4, NULL, NULL, 'fragment', '{9-8,12-3,12-11,13-10}'),
	('staff-of-neutralization', 'Staff of Neutralization', 'orange', 176250, NULL, 35250, 800, 337500, 100, 'equipable', NULL),
	('staff-of-neutralization-recipe', 'Staff of Neutralization - Recipe', 'orange', NULL, NULL, 13200, 320, 180000, NULL, 'recipe', NULL),
	('staff-of-neutralization-recipe-fragment', 'Staff of Neutralization - Recipe (Fragment)', 'orange', 750, 82, 150, 4, NULL, NULL, 'fragment', '{10-4,12-5,12-12,13-15}'),
	('staff-of-stubbornness', 'Staff of Stubbornness', 'orange', 610500, NULL, 122100, 2620, 1275750, 115, 'equipable', NULL),
	('staff-of-stubbornness-recipe', 'Staff of Stubbornness - Recipe', 'orange', NULL, NULL, 13200, 320, 337500, NULL, 'recipe', NULL),
	('staff-of-stubbornness-recipe-fragment', 'Staff of Stubbornness - Recipe (Fragment)', 'orange', 750, 82, 150, 4, NULL, NULL, 'fragment', '{12-10,12-14}'),
	('thieves-guild-sign', 'Thieves Guild Sign', 'orange', 66000, NULL, 13200, 320, 180000, 90, 'equipable', NULL),
	('thieves-guild-sign-fragment', 'Thieves Guild Sign (Fragment)', 'orange', NULL, 82, 150, 4, NULL, NULL, 'fragment', '{9-6,9-14,11-12,11-14,12-8}'),
	('throwing-knives', 'Throwing Knives', 'orange', 66000, NULL, 13200, 320, 180000, 90, 'equipable', NULL),
	('throwing-knives-fragment', 'Throwing Knives (Fragment)', 'orange', NULL, 82, 150, 4, NULL, NULL, 'fragment', '{10-9}'),
	('tricksters-cane', 'Trickster''s Cane', 'orange', 268875, NULL, 53775, 1180, 506250, 100, 'equipable', NULL),
	('tricksters-cane-recipe', 'Trickster''s Cane - Recipe', 'orange', 6600, NULL, 13200, 320, 180000, NULL, 'recipe', NULL),
	('tricksters-cane-recipe-fragment', 'Trickster''s Cane - Recipe (Fragment)', 'orange', 750, 82, 150, 4, NULL, NULL, 'fragment', '{10-12,11-10,13-6,13-13}'),
	('unity-of-extremes', 'Unity of Extremes', 'orange', 825000, NULL, 165000, 3680, 1685250, 115, 'equipable', NULL),
	('unity-of-extremes-recipe', 'Unity of Extremes - Recipe', 'orange', NULL, NULL, 13200, 320, 337500, NULL, 'recipe', NULL),
	('unity-of-extremes-recipe-fragment', 'Unity of Extremes - Recipe (Fragment)', 'orange', 750, 82, 150, 4, NULL, NULL, 'fragment', '{12-15,13-7}');


--
-- Data for Name: equipment_required_item; Type: TABLE DATA; Schema: public; Owner: postgres
--

INSERT INTO "public"."equipment_required_item" ("base_slug", "required_slug", "quantity") VALUES
	('crossbow', 'orcish-yatagan', 1),
	('crossbow', 'lucky-arrow', 1),
	('giants-belt', 'quiver', 1),
	('giants-belt', 'oil-lamp', 1),
	('giants-belt', 'travellers-shoes', 1),
	('orcish-hammer', 'imperial-shield', 1),
	('orcish-hammer', 'dagger', 1),
	('wizards-staff', 'apprentices-mantle', 2),
	('wizards-staff', 'censer', 1),
	('ancient-amulet', 'branch-of-antiaris', 1),
	('ancient-amulet', 'light-crystal', 1),
	('ancient-amulet', 'trackers-boots', 1),
	('brothers', 'brothers-fragment', 5),
	('dawnguard', 'dawnguard-fragment', 5),
	('elven-armor', 'branch-of-antiaris', 1),
	('elven-armor', 'cuirass', 1),
	('elven-bow', 'giants-belt', 1),
	('elven-bow', 'lucky-arrow', 1),
	('elven-saber', 'trackers-boots', 1),
	('elven-saber', 'fire-sword', 1),
	('enchanters-staff', 'giants-belt', 1),
	('enchanters-staff', 'censer', 1),
	('infernal-messenger', 'fire-sword', 1),
	('infernal-messenger', 'reaper', 1),
	('poleaxe', 'fire-sword', 1),
	('poleaxe', 'cuirass', 1),
	('poleaxe', 'poleaxe-recipe', 1),
	('portal-key', 'trackers-boots', 1),
	('portal-key', 'cains-seal', 1),
	('screaming-blade', 'guardians-shield', 1),
	('screaming-blade', 'fire-sword', 1),
	('screaming-blade', 'screaming-blade-recipe', 1),
	('shining-armor', 'branch-of-antiaris', 1),
	('shining-armor', 'guardians-shield', 1),
	('silent-guardian', 'light-crystal', 1),
	('silent-guardian', 'midnight-crystal', 1),
	('skull-crusher', 'skull-crusher-fragment', 5),
	('soul-catcher', 'guardians-shield', 1),
	('soul-catcher', 'lost-ring', 1),
	('soul-catcher', 'soul-catcher-recipe', 1),
	('spear-of-thunder', 'fire-sword', 1),
	('spear-of-thunder', 'cursed-dagger', 1),
	('sword-of-storms', 'sword-of-storms-fragment', 5),
	('traitors-shield', 'cuirass', 1),
	('traitors-shield', 'cains-seal', 1),
	('traitors-shield', 'traitors-shield-recipe', 1),
	('veil-of-fog', 'guardians-shield', 1),
	('veil-of-fog', 'band-of-enlightenment', 1),
	('victors-helmet', 'light-crystal', 1),
	('victors-helmet', 'cuirass', 1),
	('voodoo-doll', 'lost-ring', 1),
	('voodoo-doll', 'cains-seal', 1),
	('voodoo-doll', 'voodoo-doll-recipe', 1),
	('wall-breaker', 'giants-belt', 1),
	('wall-breaker', 'dagger', 1),
	('wizards-tiara', 'light-crystal', 1),
	('wizards-tiara', 'lost-ring', 1),
	('branch-of-the-world-tree', 'wyverns-heart', 1),
	('branch-of-the-world-tree', 'portal-gem', 1),
	('dark-grail', 'wyverns-heart', 1),
	('dark-grail', 'enchanted-lute', 1),
	('dragonslayers-spear', 'dragonslayers-spear-recipe', 1),
	('dragonslayers-spear', 'needle', 1),
	('dragonslayers-spear', 'scorching-quiver', 1),
	('dragonslayers-spear-recipe', 'dragonslayers-spear-recipe-fragment', 10),
	('elven-shield', 'sacred-rosary', 1),
	('elven-shield', 'serenity-stone', 1),
	('enchanted-lute', 'enchanted-lute-fragment', 5),
	('folding-crossbow', 'splitter', 1),
	('folding-crossbow', 'ghostly-blade', 1),
	('folding-crossbow', 'folding-crossbow-recipe', 1),
	('folding-crossbow-recipe', 'folding-crossbow-recipe-fragment', 10),
	('ghostly-blade', 'trackers-boots', 2),
	('ghostly-blade', 'needle', 1),
	('globus-cruciger', 'storm-hammer', 1),
	('globus-cruciger', 'magic-hat', 1),
	('globus-cruciger', 'scorching-quiver', 1),
	('hand-of-midas', 'wyverns-heart', 1),
	('hand-of-midas', 'storm-hammer', 1),
	('hand-of-midas', 'hand-of-midas-recipe', 1),
	('hand-of-midas-recipe', 'hand-of-midas-recipe-fragment', 10),
	('hunter', 'needle', 1),
	('hunter', 'splitter', 1),
	('lion-armor', 'serenity-stone', 1),
	('lion-armor', 'prosperos-helmet', 1),
	('lion-armor', 'lion-armor-recipe', 1),
	('lion-armor-recipe', 'lion-armor-recipe-fragment', 10),
	('magic-hat', 'magic-hat-fragment', 10),
	('needle', 'needle-fragment', 5),
	('portal-gem', 'portal-gem-fragment', 5),
	('prince-of-thieves-armor', 'needle', 1),
	('prince-of-thieves-armor', 'trackers-shield', 1),
	('prince-of-thieves-armor', 'prince-of-thieves-armor-recipe', 1),
	('prince-of-thieves-armor-recipe', 'prince-of-thieves-armor-recipe-fragment', 10),
	('prosperos-helmet', 'wyverns-heart', 1),
	('prosperos-helmet', 'sacred-rosary', 1),
	('punishing-hand', 'cursed-dagger', 2),
	('punishing-hand', 'needle', 1),
	('raven-kings-cloak', 'sacred-rosary', 1),
	('raven-kings-cloak', 'enchanted-lute', 1),
	('sacred-rosary', 'sacred-rosary-fragment', 5),
	('sacrificial-dagger', 'sacrificial-dagger-fragment', 10),
	('sages-crown', 'enchanted-lute', 1),
	('sages-crown', 'magic-hat', 1),
	('sages-crown', 'sages-crown-recipe', 1),
	('sages-crown-recipe', 'sages-crown-recipe-fragment', 10),
	('scorching-quiver', 'scorching-quiver-fragment', 10),
	('splitter', 'splitter-fragment', 5),
	('storm-hammer', 'storm-hammer-fragment', 10),
	('thunderfoot-boots', 'needle', 1),
	('thunderfoot-boots', 'enchanted-lute', 1),
	('trackers-shield', 'branch-of-antiaris', 2),
	('trackers-shield', 'serenity-stone', 1),
	('voodoo-staff', 'midnight-crystal', 2),
	('voodoo-staff', 'sacred-rosary', 1),
	('wyverns-heart', 'wyverns-heart-fragment', 5),
	('advisor', 'advisor-fragment', 20),
	('all-seer', 'pastors-seal', 1),
	('all-seer', 'hand-of-glory', 1),
	('all-seer', 'sirens-song', 1),
	('angels-mace', 'angels-mace-recipe', 1),
	('angels-mace', 'apostles-mace', 2),
	('angels-mace-recipe', 'angels-mace-recipe-fragment', 20),
	('apostles-mace', 'giant-slayer', 2),
	('serenity-stone', 'serenity-stone-fragment', 5),
	('apostles-mace', 'sirens-song', 1),
	('archangels-mace', 'angels-mace', 2),
	('archangels-mace', 'archangels-mace-recipe', 1),
	('archangels-mace-recipe', 'archangels-mace-recipe-fragment', 50),
	('book-of-fate', 'book-of-prophecies', 2),
	('book-of-fate', 'book-of-fate-recipe', 1),
	('book-of-tales', 'flaming-heart', 1),
	('book-of-tales', 'pastors-seal', 2),
	('cosmic-tremor', 'world-tremor', 2),
	('cosmic-tremor', 'cosmic-tremor-recipe', 1),
	('cosmic-tremor-recipe', 'cosmic-tremor-recipe-fragment', 50),
	('dragon-shield', 'serenity-stone', 1),
	('dragon-shield', 'dragon-shield-recipe', 1),
	('dragon-tooth-recipe', 'dragon-tooth-recipe-fragment', 20),
	('pastors-seal', 'pastors-seal-fragment', 20),
	('primordial-word', 'portal-gem', 1),
	('primordial-word', 'primordial-word-recipe', 1),
	('primordial-word-recipe', 'primordial-word-recipe-fragment', 20),
	('sirens-song', 'enchanted-lute', 1),
	('sirens-song', 'sirens-song-recipe', 1),
	('staff-of-moranas-nimbus-recipe', 'staff-of-moranas-nimbus-recipe-fragment', 50),
	('sword-of-thorns', 'desert-blade', 1),
	('sword-of-thorns', 'sirens-song', 1),
	('talisman', 'pastors-seal', 1),
	('talisman', 'sirens-song', 1),
	('traitors-crown', 'pastors-seal', 1),
	('traitors-crown', 'hand-of-glory', 1),
	('trine', 'minotaurs-head', 1),
	('trine', 'hand-of-glory', 1),
	('trine', 'desert-blade', 1),
	('world-tremor-recipe', 'world-tremor-recipe-fragment', 20),
	('alchemists-set', 'alchemists-set-fragment', 80),
	('all-seeing-eye', 'trine', 2),
	('all-seeing-eye', 'enigmas-chronicles', 2),
	('all-seeing-eye', 'all-seeing-eye-recipe', 1),
	('alucards-amulet', 'flaming-heart', 2),
	('alucards-amulet', 'lycanthropes-fang', 2),
	('alucards-amulet', 'alucards-amulet-recipe', 1),
	('aquants-trident', 'dragon-tooth', 2),
	('aquants-trident', 'lycanthropes-fang', 1),
	('aquants-trident', 'hellion-harpoon', 1),
	('aquants-trident', 'aquants-trident-recipe', 1),
	('asklepius-staff', 'sirens-song', 2),
	('asklepius-staff', 'alchemists-set', 1),
	('asklepius-staff', 'asklepius-staff-recipe', 1),
	('blade-of-the-immortals', 'advisor', 2),
	('blade-of-the-immortals', 'lycanthropes-fang', 1),
	('blade-of-the-immortals', 'blade-of-the-immortals-recipe', 1),
	('citadel-guardian', 'citadel-guardian-fragment', 80),
	('creators-feathering', 'trine', 2),
	('creators-feathering', 'throwing-knives', 2),
	('creators-feathering', 'creators-feathering-recipe', 1),
	('dwarven-hardbane', 'desert-blade', 6),
	('dwarven-hardbane', 'hellion-harpoon', 2),
	('dwarven-hardbane', 'dwarven-hardbane-recipe', 1),
	('gro-bulgors-poleaxe', 'gro-bulgors-poleaxe-fragment', 80),
	('harunian-helm', 'harunian-helm-fragment', 80),
	('hellion-harpoon', 'hellion-harpoon-fragment', 80),
	('key-to-all-doors', 'all-seeing-eye', 2),
	('key-to-all-doors', 'key-to-all-doors-recipe', 1),
	('la-morts-map', 'la-morts-map-fragment', 80),
	('light-of-distant-stars', 'sphere-of-power', 1),
	('light-of-distant-stars', 'oracles-censer', 1),
	('light-of-distant-stars', 'light-of-distant-stars-recipe', 1),
	('lycanthropes-fang', 'lycanthropes-fang-fragment', 80),
	('oppressors-crown', 'la-morts-map', 1),
	('oppressors-crown', 'harunian-helm', 2),
	('oppressors-crown', 'sphere-of-power', 1),
	('oppressors-crown', 'oppressors-crown-recipe', 1),
	('radiant-armor', 'trine', 2),
	('radiant-armor', 'harunian-helm', 2),
	('radiant-armor', 'radiant-armor-recipe', 1),
	('riversars-tiara', 'riversars-tiara-fragment', 80),
	('rulers-globus', 'alucards-amulet', 2),
	('rulers-globus', 'rulers-globus-recipe', 1),
	('song-of-the-valkyries', 'creators-feathering', 2),
	('song-of-the-valkyries', 'song-of-the-valkyries-recipe', 1),
	('sphere-of-power', 'flaming-heart', 2),
	('sphere-of-power', 'la-morts-map', 2),
	('sphere-of-power', 'sphere-of-power-recipe', 1),
	('staff-of-neutralization', 'funeral-totem', 2),
	('staff-of-neutralization', 'la-morts-map', 1),
	('staff-of-neutralization', 'staff-of-neutralization-recipe', 1),
	('staff-of-stubbornness', 'aquants-trident', 1),
	('staff-of-stubbornness', 'dwarven-hardbane', 1),
	('staff-of-stubbornness', 'staff-of-stubbornness-recipe', 1),
	('thieves-guild-sign', 'thieves-guild-sign-fragment', 80),
	('throwing-knives', 'throwing-knives-fragment', 80),
	('tricksters-cane', 'primordial-word', 2),
	('tricksters-cane', 'alchemists-set', 1),
	('tricksters-cane', 'thieves-guild-sign', 1),
	('tricksters-cane', 'tricksters-cane-recipe', 1),
	('unity-of-extremes', 'alucards-amulet', 1),
	('unity-of-extremes', 'rulers-globus', 1),
	('unity-of-extremes', 'unity-of-extremes-recipe', 1),
	('blade-bow', 'giant-slayer', 1),
	('blade-bow', 'desert-blade', 1),
	('book-of-fate-recipe', 'book-of-fate-recipe-fragment', 50),
	('book-of-prophecies', 'book-of-tales', 2),
	('book-of-prophecies', 'book-of-prophecies-recipe', 1),
	('book-of-prophecies-recipe', 'book-of-prophecies-recipe-fragment', 20),
	('desert-blade', 'desert-blade-fragment', 20),
	('diviners-orb-recipe', 'diviners-orb-recipe-fragment', 20),
	('diviners-orb', 'hand-of-glory', 1),
	('diviners-orb', 'trine', 1),
	('diviners-orb', 'diviners-orb-recipe', 1),
	('dragon-shield-recipe', 'dragon-shield-recipe-fragment', 20),
	('dragon-tooth', 'splitter', 1),
	('dragon-tooth', 'dragon-tooth-recipe', 1),
	('elephant-guard', 'pastors-seal', 1),
	('elephant-guard', 'hand-of-glory', 1),
	('elephant-guard', 'funeral-totem', 1),
	('executioners-sword', 'giant-slayer', 1),
	('executioners-sword', 'dragon-shield', 1),
	('flaming-heart', 'flaming-heart-fragment', 20),
	('funeral-totem', 'funeral-totem-fragment', 20),
	('giant-slayer', 'giant-slayer-fragment', 20),
	('governor', 'flaming-heart', 1),
	('governor', 'giant-slayer', 2),
	('hand-of-glory', 'hand-of-glory-fragment', 20),
	('lion-helmet', 'flaming-heart', 1),
	('lion-helmet', 'minotaurs-head', 1),
	('minotaurs-head', 'minotaurs-head-fragment', 20),
	('panoptic-orb', 'diviners-orb', 2),
	('panoptic-orb', 'panoptic-orb-recipe', 1),
	('panoptic-orb-recipe', 'panoptic-orb-recipe-fragment', 50),
	('siege-crossbow', 'giant-slayer', 1),
	('siege-crossbow', 'desert-blade', 1),
	('siege-crossbow', 'advisor', 1),
	('sirens-song-recipe', 'sirens-song-recipe-fragment', 20),
	('staff-of-moranas-nimbus', 'staff-of-selenas-halo', 2),
	('staff-of-moranas-nimbus', 'staff-of-moranas-nimbus-recipe', 1),
	('staff-of-selenas-halo', 'desert-blade', 1),
	('staff-of-selenas-halo', 'trine', 1),
	('staff-of-selenas-halo', 'staff-of-selenas-halo-recipe', 1),
	('staff-of-selenas-halo-recipe', 'staff-of-selenas-halo-recipe-fragment', 20),
	('wasp', 'sacrificial-dagger', 2),
	('wasp', 'wasp-recipe', 1),
	('wasp-recipe', 'wasp-recipe-fragment', 20),
	('world-tremor', 'minotaurs-head', 1),
	('world-tremor', 'trine', 1),
	('world-tremor', 'world-tremor-recipe', 1),
	('all-seeing-eye-recipe', 'all-seeing-eye-recipe-fragment', 80),
	('alucards-amulet-recipe', 'alucards-amulet-recipe-fragment', 80),
	('aquants-trident-recipe', 'aquants-trident-recipe-fragment', 80),
	('asklepius-staff-recipe', 'asklepius-staff-recipe-fragment', 80),
	('blade-of-the-immortals-recipe', 'blade-of-the-immortals-recipe-fragment', 80),
	('blued-plate-armor-recipe', 'blued-plate-armor-recipe-fragment', 80),
	('blued-plate-armor', 'dragon-shield', 2),
	('blued-plate-armor', 'alchemists-set', 1),
	('blued-plate-armor', 'blued-plate-armor-recipe', 1),
	('creators-feathering-recipe', 'creators-feathering-recipe-fragment', 80),
	('dwarven-hardbane-recipe', 'dwarven-hardbane-recipe-fragment', 80),
	('enchanted-chain', 'enchanted-chain-fragment', 80),
	('enigmas-chronicles', 'enigmas-chronicles-fragment', 80),
	('evil-genius-cuirass-recipe', 'evil-genius-cuirass-recipe-fragment', 150),
	('evil-genius-cuirass', 'radiant-armor', 2),
	('evil-genius-cuirass', 'evil-genius-cuirass-recipe', 1),
	('key-to-all-doors-recipe', 'key-to-all-doors-recipe-fragment', 150),
	('light-of-distant-stars-recipe', 'light-of-distant-stars-recipe-fragment', 150),
	('oppressors-crown-recipe', 'oppressors-crown-recipe-fragment', 150),
	('oracles-censer', 'hand-of-glory', 5),
	('oracles-censer', 'la-morts-map', 2),
	('oracles-censer', 'oracles-censer-recipe', 1),
	('oracles-censer-recipe', 'oracles-censer-recipe-fragment', 80),
	('radiant-armor-recipe', 'radiant-armor-recipe-fragment', 80),
	('rulers-globus-recipe', 'rulers-globus-recipe-fragment', 80),
	('song-of-the-valkyries-recipe', 'song-of-the-valkyries-recipe-fragment', 150),
	('sphere-of-power-recipe', 'sphere-of-power-recipe-fragment', 80),
	('staff-of-neutralization-recipe', 'staff-of-neutralization-recipe-fragment', 80),
	('staff-of-stubbornness-recipe', 'staff-of-stubbornness-recipe-fragment', 150),
	('tricksters-cane-recipe', 'tricksters-cane-recipe-fragment', 80),
	('unity-of-extremes-recipe', 'unity-of-extremes-recipe-fragment', 150);


--
-- Data for Name: equipment_stat; Type: TABLE DATA; Schema: public; Owner: postgres
--

INSERT INTO "public"."equipment_stat" ("equipment_slug", "stat", "value") VALUES
	('apprentices-mantle', 'magic attack', 25),
	('ashen-bow', 'intelligence', 1),
	('ashen-bow', 'agility', 5),
	('ashen-bow', 'strength', 1),
	('censer', 'intelligence', 7),
	('crossbow', 'agility', 7),
	('crossbow', 'physical attack', 25),
	('dagger', 'strength', 7),
	('giants-belt', 'intelligence', 5),
	('giants-belt', 'agility', 5),
	('giants-belt', 'strength', 5),
	('imperial-shield', 'health', 385),
	('lucky-arrow', 'agility', 7),
	('lucky-dice', 'magic defense', 25),
	('oil-lamp', 'intelligence', 5),
	('orcish-hammer', 'strength', 7),
	('orcish-hammer', 'health', 385),
	('orcish-knuckles', 'physical attack', 12),
	('orcish-yatagan', 'physical attack', 25),
	('quiver', 'agility', 5),
	('sledgehammer', 'intelligence', 1),
	('sledgehammer', 'agility', 1),
	('sledgehammer', 'strength', 5),
	('steel-pauldron', 'armor', 25),
	('travellers-shoes', 'strength', 5),
	('travellers-staff', 'intelligence', 5),
	('travellers-staff', 'agility', 1),
	('travellers-staff', 'strength', 1),
	('wizards-staff', 'intelligence', 7),
	('wizards-staff', 'magic attack', 50),
	('wooden-shield', 'health', 200),
	('ancient-amulet', 'intelligence', 10),
	('ancient-amulet', 'strength', 10),
	('ancient-amulet', 'agility', 10),
	('band-of-enlightenment', 'dodge', 15),
	('branch-of-antiaris', 'strength', 10),
	('brothers', 'strength', 15),
	('brothers', 'health', 420),
	('brothers', 'physical attack', 28),
	('brothers', 'armor', 42),
	('cains-seal', 'magic defense', 50),
	('cuirass', 'armor', 50),
	('cursed-dagger', 'armor penetration', 50),
	('dawnguard', 'intelligence', 22),
	('dawnguard', 'physical attack', 28),
	('dawnguard', 'armor', 42),
	('elven-armor', 'strength', 10),
	('elven-armor', 'armor', 50),
	('elven-bow', 'intelligence', 5),
	('elven-bow', 'agility', 12),
	('elven-bow', 'strength', 5),
	('elven-saber', 'agility', 10),
	('elven-saber', 'physical attack', 33),
	('enchanters-staff', 'intelligence', 12),
	('enchanters-staff', 'agility', 5),
	('enchanters-staff', 'strength', 5),
	('fire-sword', 'physical attack', 33),
	('guardians-shield', 'health', 500),
	('infernal-messenger', 'physical attack', 33),
	('infernal-messenger', 'crit hit chance', 15),
	('light-crystal', 'intelligence', 10),
	('lost-ring', 'magic attack', 50),
	('midnight-crystal', 'magic penetration', 50),
	('poleaxe', 'physical attack', 33),
	('poleaxe', 'armor', 50),
	('portal-key', 'agility', 10),
	('portal-key', 'magic defense', 50),
	('reaper', 'crit hit chance', 15),
	('screaming-blade', 'health', 500),
	('screaming-blade', 'physical attack', 33),
	('shining-armor', 'strength', 10),
	('shining-armor', 'health', 500),
	('silent-guardian', 'intelligence', 10),
	('silent-guardian', 'magic penetration', 50),
	('skull-crusher', 'intelligence', 15),
	('skull-crusher', 'magic attack', 84),
	('skull-crusher', 'magic defense', 42),
	('soul-catcher', 'health', 500),
	('soul-catcher', 'magic attack', 50),
	('spear-of-thunder', 'physical attack', 33),
	('spear-of-thunder', 'armor penetration', 50),
	('sword-of-storms', 'agility', 15),
	('sword-of-storms', 'physical attack', 56),
	('sword-of-storms', 'magic defense', 42),
	('trackers-boots', 'agility', 10),
	('traitors-shield', 'armor', 50),
	('traitors-shield', 'magic defense', 50),
	('veil-of-fog', 'physical attack', 33),
	('veil-of-fog', 'dodge', 15),
	('victors-helmet', 'intelligence', 10),
	('victors-helmet', 'armor', 50),
	('voodoo-doll', 'magic attack', 50),
	('voodoo-doll', 'magic defense', 50),
	('wall-breaker', 'intelligence', 5),
	('wall-breaker', 'agility', 5),
	('wall-breaker', 'strength', 12),
	('wizards-tiara', 'intelligence', 10),
	('wizards-tiara', 'magic attack', 50),
	('branch-of-the-world-tree', 'health', 800),
	('branch-of-the-world-tree', 'dodge', 24),
	('dark-grail', 'health', 800),
	('dark-grail', 'magic defense', 80),
	('dragonslayers-spear', 'intelligence', 5),
	('dragonslayers-spear', 'agility', 15),
	('dragonslayers-spear', 'strength', 5),
	('dragonslayers-spear', 'physical attack', 70),
	('elven-shield', 'magic attack', 80),
	('elven-shield', 'armor', 80),
	('enchanted-lute', 'magic defense', 100),
	('folding-crossbow', 'agility', 16),
	('folding-crossbow', 'physical attack', 56),
	('folding-crossbow', 'crit hit chance', 30),
	('ghostly-blade', 'agility', 16),
	('ghostly-blade', 'physical attack', 56),
	('globus-cruciger', 'intelligence', 20),
	('globus-cruciger', 'agility', 20),
	('globus-cruciger', 'strength', 20),
	('hand-of-midas', 'intelligence', 5),
	('hand-of-midas', 'agility', 5),
	('hand-of-midas', 'strength', 15),
	('hand-of-midas', 'health', 1000),
	('hunter', 'physical attack', 56),
	('hunter', 'crit hit chance', 24),
	('lion-armor', 'health', 800),
	('lion-armor', 'magic attack', 80),
	('lion-armor', 'armor', 100),
	('magic-hat', 'intelligence', 15),
	('magic-hat', 'agility', 5),
	('magic-hat', 'strength', 5),
	('needle', 'physical attack', 70),
	('portal-gem', 'dodge', 30),
	('prince-of-thieves-armor', 'strength', 16),
	('prince-of-thieves-armor', 'physical attack', 70),
	('prince-of-thieves-armor', 'armor', 80),
	('prosperos-helmet', 'health', 800),
	('prosperos-helmet', 'magic attack', 80),
	('punishing-hand', 'physical attack', 56),
	('punishing-hand', 'armor penetration', 80),
	('raven-kings-cloak', 'magic attack', 80),
	('raven-kings-cloak', 'magic defense', 80),
	('sacred-rosary', 'magic attack', 100),
	('sacrificial-dagger', 'vampirism', 5),
	('sages-crown', 'intelligence', 15),
	('sages-crown', 'agility', 5),
	('sages-crown', 'strength', 5),
	('sages-crown', 'magic defense', 100),
	('apostles-mace', 'physical attack', 216),
	('apostles-mace', 'magic defense', 160),
	('archangels-mace', 'physical attack', 552),
	('archangels-mace', 'magic defense', 409),
	('book-of-fate', 'health', 4096),
	('book-of-fate', 'magic attack', 819),
	('book-of-tales', 'health', 1600),
	('book-of-tales', 'magic attack', 320),
	('dragon-shield', 'armor', 200),
	('dragon-tooth', 'crit hit chance', 60),
	('giant-slayer', 'physical attack', 135),
	('pastors-seal', 'magic attack', 200),
	('primordial-word', 'dodge', 60),
	('staff-of-moranas-nimbus', 'intelligence', 38),
	('staff-of-moranas-nimbus', 'agility', 86),
	('staff-of-moranas-nimbus', 'strength', 38),
	('sword-of-thorns', 'agility', 30),
	('sword-of-thorns', 'magic defense', 160),
	('talisman', 'magic attack', 160),
	('talisman', 'magic defense', 160),
	('traitors-crown', 'intelligence', 30),
	('traitors-crown', 'magic attack', 160),
	('trine', 'intelligence', 30),
	('trine', 'agility', 30),
	('trine', 'strength', 30),
	('world-tremor', 'intelligence', 24),
	('world-tremor', 'agility', 24),
	('world-tremor', 'strength', 54),
	('enchanted-chain', 'magic penetration', 600),
	('enigmas-chronicles', 'intelligence', 109),
	('evil-genius-cuirass', 'intelligence', 76),
	('evil-genius-cuirass', 'agility', 76),
	('evil-genius-cuirass', 'strength', 355),
	('la-morts-map', 'magic attack', 600),
	('scorching-quiver', 'intelligence', 5),
	('scorching-quiver', 'agility', 15),
	('scorching-quiver', 'strength', 5),
	('serenity-stone', 'armor', 100),
	('splitter', 'crit hit chance', 30),
	('storm-hammer', 'intelligence', 5),
	('storm-hammer', 'agility', 5),
	('storm-hammer', 'strength', 15),
	('thunderfoot-boots', 'physical attack', 56),
	('thunderfoot-boots', 'magic defense', 80),
	('trackers-shield', 'strength', 16),
	('trackers-shield', 'armor', 80),
	('voodoo-staff', 'magic attack', 80),
	('voodoo-staff', 'magic penetration', 80),
	('wyverns-heart', 'health', 1000),
	('advisor', 'armor penetration', 200),
	('all-seer', 'intelligence', 30),
	('all-seer', 'magic attack', 160),
	('all-seer', 'magic defense', 160),
	('angels-mace', 'physical attack', 345),
	('angels-mace', 'magic defense', 256),
	('blade-bow', 'agility', 30),
	('blade-bow', 'physical attack', 108),
	('book-of-prophecies', 'health', 2560),
	('book-of-prophecies', 'magic attack', 512),
	('cosmic-tremor', 'intelligence', 38),
	('cosmic-tremor', 'agility', 38),
	('cosmic-tremor', 'strength', 86),
	('desert-blade', 'agility', 38),
	('diviners-orb', 'intelligence', 54),
	('diviners-orb', 'agility', 24),
	('diviners-orb', 'strength', 24),
	('elephant-guard', 'intelligence', 30),
	('elephant-guard', 'magic attack', 160),
	('elephant-guard', 'magic penetration', 160),
	('executioners-sword', 'physical attack', 108),
	('executioners-sword', 'armor', 160),
	('flaming-heart', 'health', 2000),
	('funeral-totem', 'magic penetration', 200),
	('governor', 'health', 1600),
	('governor', 'physical attack', 216),
	('hand-of-glory', 'intelligence', 38),
	('lion-helmet', 'strength', 30),
	('lion-helmet', 'health', 1600),
	('minotaurs-head', 'strength', 38),
	('panoptic-orb', 'intelligence', 86),
	('panoptic-orb', 'agility', 38),
	('panoptic-orb', 'strength', 38),
	('siege-crossbow', 'agility', 30),
	('siege-crossbow', 'physical attack', 108),
	('siege-crossbow', 'armor penetration', 160),
	('sirens-song', 'magic defense', 200),
	('staff-of-selenas-halo', 'intelligence', 24),
	('staff-of-selenas-halo', 'agility', 54),
	('staff-of-selenas-halo', 'strength', 24),
	('wasp', 'vampirism', 10),
	('alchemists-set', 'health', 6000),
	('all-seeing-eye', 'intelligence', 198),
	('all-seeing-eye', 'agility', 24),
	('all-seeing-eye', 'strength', 24),
	('alucards-amulet', 'health', 3200),
	('alucards-amulet', 'physical attack', 640),
	('aquants-trident', 'physical attack', 320),
	('aquants-trident', 'crit hit chance', 228),
	('asklepius-staff', 'health', 4800),
	('asklepius-staff', 'magic defense', 320),
	('blade-of-the-immortals', 'physical attack', 320),
	('blade-of-the-immortals', 'armor penetration', 320),
	('blued-plate-armor', 'health', 4800),
	('blued-plate-armor', 'armor', 320),
	('citadel-guardian', 'armor', 600),
	('creators-feathering', 'intelligence', 24),
	('creators-feathering', 'agility', 198),
	('creators-feathering', 'strength', 24),
	('dwarven-hardbane', 'physical attack', 648),
	('dwarven-hardbane', 'crit hit chance', 265),
	('gro-bulgors-poleaxe', 'armor penetration', 600),
	('harunian-helm', 'strength', 109),
	('hellion-harpoon', 'crit hit chance', 166),
	('key-to-all-doors', 'intelligence', 355),
	('key-to-all-doors', 'agility', 76),
	('key-to-all-doors', 'strength', 76),
	('light-of-distant-stars', 'intelligence', 121),
	('light-of-distant-stars', 'health', 2560),
	('light-of-distant-stars', 'magic attack', 1536),
	('lycanthropes-fang', 'physical attack', 400),
	('oppressors-crown', 'strength', 174),
	('oppressors-crown', 'health', 2560),
	('oppressors-crown', 'magic attack', 1248),
	('oracles-censer', 'intelligence', 152),
	('oracles-censer', 'magic attack', 960),
	('radiant-armor', 'intelligence', 24),
	('radiant-armor', 'agility', 24),
	('radiant-armor', 'strength', 198),
	('riversars-tiara', 'magic defense', 600),
	('rulers-globus', 'health', 5120),
	('rulers-globus', 'physical attack', 1024),
	('song-of-the-valkyries', 'intelligence', 76),
	('song-of-the-valkyries', 'agility', 355),
	('song-of-the-valkyries', 'strength', 76),
	('sphere-of-power', 'health', 3200),
	('sphere-of-power', 'magic attack', 960),
	('staff-of-neutralization', 'magic attack', 480),
	('staff-of-neutralization', 'magic penetration', 320),
	('staff-of-stubbornness', 'physical attack', 774),
	('staff-of-stubbornness', 'crit hit chance', 394),
	('thieves-guild-sign', 'dodge', 166),
	('throwing-knives', 'agility', 109),
	('tricksters-cane', 'health', 4800),
	('tricksters-cane', 'dodge', 228),
	('unity-of-extremes', 'health', 6656),
	('unity-of-extremes', 'physical attack', 1331);


--
-- Data for Name: mission; Type: TABLE DATA; Schema: public; Owner: postgres
--

INSERT INTO "public"."mission" ("slug", "chapter_id", "name", "hero_slug", "energy_cost", "level") VALUES
	('5-3', 5, 'Emerald Dust', NULL, 6, 3),
	('6-15', 6, 'Thorn Arches', 'mojo', 18, 15),
	('7-1', 7, 'Toll Gate', 'keira', 14, 1),
	('7-10', 7, 'Titan Plains', 'thea', 16, 10),
	('8-1', 8, 'Fire-Worshippers'' Capital', 'daredevil', 16, 1),
	('8-6', 8, 'Soul of the Volcano', 'phobos', 16, 6),
	('8-15', 8, 'Furnace of Horror', 'mojo', 24, 15),
	('9-6', 9, 'Treasure Island', 'peppy', 16, 6),
	('9-10', 9, 'Pirate Den', 'daredevil', 14, 10),
	('9-15', 9, 'Coral Reef', 'fox', 16, 15),
	('7-2', 7, 'Weapon Stands', NULL, 8, 2),
	('7-3', 7, 'Gnawed Bones', NULL, 8, 3),
	('7-4', 7, 'Torchlit Passage', NULL, 8, 4),
	('7-5', 7, 'Training Fields', NULL, 8, 5),
	('7-7', 7, 'Blood and Sweat', NULL, 8, 7),
	('7-8', 7, 'Break of Times', NULL, 8, 8),
	('7-9', 7, 'Bridge over the Chasm', NULL, 8, 9),
	('7-11', 7, 'Battle of Santar', NULL, 8, 11),
	('5-6', 5, 'Flourishing Life', 'aurora', 12, 6),
	('8-10', 8, 'Flaming Gates', 'artemis', 16, 10),
	('7-12', 7, 'Great Split', NULL, 8, 12),
	('7-13', 7, 'Path of War', NULL, 8, 13),
	('7-14', 7, 'Mortal Wound', NULL, 8, 14),
	('8-2', 8, 'Monolith of Guile', NULL, 8, 2),
	('8-3', 8, 'Anthracite Palace', NULL, 8, 3),
	('8-4', 8, 'Basalts', NULL, 8, 4),
	('5-2', 5, 'Obelisk', 'galahad', 12, 2),
	('5-10', 5, 'Drowner''s Bridge', 'astaroth', 12, 10),
	('5-15', 5, 'Illwood', 'mojo', 18, 15),
	('6-2', 6, 'Wretched Goosefoot', 'fox', 12, 2),
	('6-6', 6, 'Forlorn Churchyard', 'heidi', 12, 6),
	('6-10', 6, 'Ritual Circle', 'daredevil', 12, 10),
	('8-5', 8, 'Monolith of Deceit', NULL, 8, 5),
	('8-7', 8, 'Monolith of Enmity', NULL, 8, 7),
	('8-8', 8, 'Foundry', NULL, 8, 8),
	('8-9', 8, 'Torture Chamber', NULL, 8, 9),
	('8-11', 8, 'Monolith of Pain', NULL, 8, 11),
	('8-12', 8, 'Monolith of Groans', NULL, 8, 12),
	('8-13', 8, 'Shore of Despair', NULL, 8, 13),
	('8-14', 8, 'Lava River', NULL, 8, 14),
	('9-2', 9, 'Abandoned Lighthouse', NULL, 8, 2),
	('9-3', 9, 'Sea Lanes', NULL, 8, 3),
	('9-4', 9, 'Grig''s Strand', NULL, 8, 4),
	('9-5', 9, 'Mainland', NULL, 8, 5),
	('9-7', 9, 'Dunes', NULL, 8, 7),
	('9-8', 9, 'Cape of Despair', NULL, 8, 8),
	('5-4', 5, 'Exit from Gravehall', NULL, 6, 4),
	('9-9', 9, 'Transit Point', NULL, 8, 9),
	('9-11', 9, 'Secret Route', NULL, 8, 11),
	('9-12', 9, 'Pariah''s Mooring', NULL, 8, 12),
	('9-13', 9, 'Warstream', NULL, 8, 13),
	('9-14', 9, 'Dead Man''s Strait', NULL, 8, 14),
	('5-5', 5, 'Blinding Light', NULL, 6, 5),
	('5-7', 5, 'Poisonous Lashes', NULL, 6, 7),
	('5-8', 5, 'Hemlock Thicket', NULL, 6, 8),
	('5-1', 5, 'Smagard Terraces', NULL, 6, 1),
	('5-9', 5, 'Dangerous Shores', NULL, 6, 9),
	('5-11', 5, 'Uninvited Guest', NULL, 6, 11),
	('5-12', 5, 'Enemy Hearth', NULL, 6, 12),
	('5-13', 5, 'Halt', NULL, 6, 13),
	('5-14', 5, 'violet Wilds', NULL, 6, 14),
	('6-1', 6, 'Backwater', NULL, 6, 1),
	('6-3', 6, 'Bogger', NULL, 6, 3),
	('6-4', 6, 'Damp Area', NULL, 6, 4),
	('6-5', 6, 'Mandrake Flowers', NULL, 6, 5),
	('6-7', 6, 'Frigid Place', NULL, 6, 7),
	('6-8', 6, 'Misty Cliff', NULL, 6, 8),
	('6-9', 6, 'Morth Chrone''s Lands', NULL, 6, 9),
	('6-11', 6, 'Tarrot''s Arches', NULL, 6, 11),
	('6-12', 6, 'Eternal Night', NULL, 6, 12),
	('6-13', 6, 'Game of Shadows', NULL, 6, 13),
	('6-14', 6, 'Trapper''s Nets', NULL, 6, 14),
	('7-15', 7, 'Burial Mound', 'galahad', 16, 15),
	('7-6', 7, 'Blood of the Earth', 'astaroth', 16, 6),
	('9-1', 9, 'Shore', 'aurora', 16, 1),
	('4-2', 4, 'Dry Wind', NULL, 6, 2),
	('4-3', 4, 'Edge of Dusk', NULL, 6, 3),
	('4-4', 4, 'Surrounding Highway', NULL, 6, 4),
	('4-5', 4, 'Trial by Darkness', NULL, 6, 5),
	('4-7', 4, 'Ashes and Coal', NULL, 6, 7),
	('4-8', 4, 'At Worlds'' End', NULL, 6, 8),
	('4-9', 4, 'Bottomless Chasm', NULL, 6, 9),
	('4-11', 4, 'Granite of Silence', NULL, 6, 11),
	('4-12', 4, 'Death Shroud', NULL, 6, 12),
	('4-13', 4, 'In the Afterlife', NULL, 6, 13),
	('4-14', 4, 'Atrium', NULL, 6, 14),
	('4-1', 4, 'Shepherds'' Lands', 'heidi', 12, 1),
	('4-6', 4, 'Burnt Canyon', 'ginger', 12, 6),
	('4-10', 4, 'Necropolis', 'keira', 12, 10),
	('4-15', 4, 'Gravehall Estate', 'thea', 12, 15),
	('10-10', 10, 'Sirens', 'ginger', 16, 10),
	('11-5', 11, 'Mark of Doom', NULL, 10, 5),
	('13-8', 13, 'Dangerous Ravine', NULL, 10, 8),
	('10-5', 10, 'Roaring Abyss', NULL, 8, 5),
	('2-14', 2, 'Seal of Fire', NULL, 6, 14),
	('2-2', 2, 'Reaper''s Cabin', NULL, 6, 2),
	('10-11', 10, 'Becalmed Waters', NULL, 8, 11),
	('1-2', 1, 'Glades of Silence', NULL, 6, 2),
	('11-11', 11, 'Everfrost', NULL, 10, 11),
	('10-15', 10, 'Kraken''s Cave', 'helios', 24, 15),
	('10-14', 10, 'Dark Waters', NULL, 7, 14),
	('10-4', 10, 'Outer Vortex', NULL, 8, 4),
	('12-13', 12, 'Path of the Skalds', NULL, 10, 13),
	('10-12', 10, 'Shallow Waters', NULL, 8, 12),
	('13-9', 13, 'Warmer, Warmer', NULL, 10, 9),
	('13-3', 13, 'Stone Steps', NULL, 10, 3),
	('11-13', 11, 'Berserker Gorge', NULL, 10, 13),
	('1-1', 1, 'Ashen Road', 'astaroth', 6, 1),
	('12-2', 12, 'Depths of Solitude', NULL, 10, 2),
	('13-7', 13, 'Thawed Snow', NULL, 10, 7),
	('11-7', 11, 'Mountain Tunnel', NULL, 10, 7),
	('13-11', 13, 'Fetid Springs', NULL, 10, 11),
	('2-6', 2, 'Outskirts of Wilheim', 'galahad', 12, 6),
	('3-10', 3, 'Sanctuary of The Ancestors', 'fox', 12, 10),
	('11-3', 11, 'Jorn''s Hut', NULL, 10, 3),
	('12-15', 12, 'Jarl''s Estate', 'helios', 30, 15),
	('2-10', 2, 'Magic Thicket', 'astaroth', 12, 10),
	('13-1', 13, 'Perilous Pass', NULL, 10, 1),
	('10-9', 10, 'Seaman''s Song', NULL, 8, 9),
	('11-10', 11, 'Doomsdale', 'krista', 20, 10),
	('12-10', 12, 'Runic Millstone', 'krista', 20, 10),
	('11-12', 11, 'Cold Ridge', NULL, 10, 12),
	('1-10', 1, 'Marax the Titan''s Domain', 'mojo', 18, 10),
	('11-14', 11, 'Crystal Waters', NULL, 10, 14),
	('11-6', 11, 'Grimling Camp', 'artemis', 20, 6),
	('1-5', 1, 'Merchant Camp', 'ginger', 12, 5),
	('12-1', 12, 'Glass Lake', 'lars', 20, 1),
	('10-2', 10, 'Shipwreck', NULL, 8, 2),
	('12-3', 12, 'A Slippery Path', NULL, 10, 3),
	('13-2', 13, 'Wolfsfang Cliff', 'lars', 20, 2),
	('12-11', 12, 'Guardian Border', NULL, 10, 11),
	('1-4', 1, 'Smoky Crossroads', NULL, 6, 4),
	('2-3', 2, 'Outskirts', NULL, 6, 3),
	('11-1', 11, 'Longship Moorings', 'lars', 20, 1),
	('11-2', 11, 'Old Docks', NULL, 10, 2),
	('2-12', 2, 'Nameless Road', NULL, 6, 12),
	('10-8', 10, 'Strait of Fortune', NULL, 8, 8),
	('10-7', 10, 'Salvation''s Run', NULL, 8, 7),
	('10-13', 10, 'Sea Lane', NULL, 8, 13),
	('10-6', 10, 'Whirlpool', 'peppy', 16, 6),
	('11-4', 11, 'Worn Rut', NULL, 10, 4),
	('13-6', 13, 'Stonemasons'' Village', 'peppy', 20, 6),
	('1-7', 1, 'City on Fire', NULL, 6, 7),
	('10-3', 10, 'Rough Sea', NULL, 8, 3),
	('2-13', 2, 'Deadlands', NULL, 6, 13),
	('3-13', 3, 'Orcish Patrol', NULL, 6, 13),
	('12-5', 12, 'Labyrinth of Past Hopes', NULL, 10, 5),
	('2-5', 2, 'Thick Forest', NULL, 6, 5),
	('10-1', 10, 'Flying Dutchman', 'heidi', 16, 1),
	('13-12', 13, 'Feast', NULL, 10, 12),
	('3-9', 3, 'Road of Mourning', NULL, 6, 9),
	('1-8', 1, 'Scorching Pavement', NULL, 6, 8),
	('3-8', 3, 'Scorched Lands', NULL, 6, 8),
	('3-11', 3, 'Fir Valley', NULL, 6, 11),
	('3-14', 3, 'Frontier Camp', NULL, 6, 14),
	('13-10', 13, 'Valley of Geysers', 'krista', 20, 10),
	('3-5', 3, 'Rotten Ravine', NULL, 6, 5),
	('3-12', 3, 'Camp Approach', NULL, 6, 12),
	('13-5', 13, 'Hangman''s Crossing', NULL, 10, 5),
	('1-9', 1, 'Elder''s House', NULL, 6, 9),
	('3-7', 3, 'Dilapidated Bridge', NULL, 6, 7),
	('3-6', 3, 'Living Mountains', 'keira', 12, 6),
	('2-11', 2, 'Marax'' Trace', NULL, 6, 11),
	('2-9', 2, 'River of Oblivion', NULL, 6, 9),
	('3-3', 3, 'Grog''s Stairway', NULL, 6, 3),
	('12-14', 12, 'The Dying Hearth', NULL, 10, 14),
	('3-4', 3, 'Dusty Cliff', NULL, 6, 4),
	('2-4', 2, 'Overgrown Path', NULL, 6, 4),
	('13-4', 13, 'Unhappy Meeting', NULL, 10, 4),
	('2-1', 2, 'Wilheim', 'thea', 12, 1),
	('2-7', 2, 'Monolith of Meron', NULL, 6, 7),
	('3-1', 3, 'Outpost', 'phobos', 12, 1),
	('12-6', 12, 'The Lost Wonder', 'phobos', 20, 6),
	('12-8', 12, 'Frigid Place', NULL, 10, 8),
	('12-9', 12, 'Cold Fire', NULL, 10, 9),
	('12-7', 12, 'Cliff Path', NULL, 10, 7),
	('13-15', 13, 'Escape from Winter', 'helios', 24, 15),
	('3-15', 3, 'Leader''s Tent', 'mojo', 18, 15),
	('12-4', 12, 'Ice Ridges', NULL, 10, 4),
	('2-8', 2, 'Secret Ford', NULL, 6, 8),
	('1-3', 1, 'Dry Dale', NULL, 6, 3),
	('11-15', 11, 'Gunar the Ferocious''s Grotto', 'helios', 30, 15),
	('13-13', 13, 'Distribution', NULL, 10, 13),
	('2-15', 2, 'Lava Fracture', 'aurora', 10, 15),
	('3-2', 3, 'Rocky Wasteland', NULL, 6, 2),
	('11-8', 11, 'The Bear Corner', NULL, 10, 8),
	('11-9', 11, 'Hunters'' Dugouts', NULL, 10, 9),
	('12-12', 12, 'Touch of the Frost', NULL, 10, 12),
	('1-6', 1, 'City Gate', NULL, 6, 6),
	('13-14', 13, 'Crystal Bridge', NULL, 10, 14);


--
-- PostgreSQL database dump complete
--

RESET ALL;
