SET session_replication_role = replica;

--
-- PostgreSQL database dump
--

-- Dumped from database version 15.8
-- Dumped by pg_dump version 15.8

SET statement_timeout = 0;
SET lock_timeout = 0;
SET idle_in_transaction_session_timeout = 0;
SET client_encoding = 'UTF8';
SET standard_conforming_strings = on;
SELECT pg_catalog.set_config('search_path', '', false);
SET check_function_bodies = false;
SET xmloption = content;
SET client_min_messages = warning;
SET row_security = off;

-- Data for Name: hero; Type: TABLE DATA; Schema: public; Owner: postgres
--

INSERT INTO "public"."hero" ("slug", "name", "class", "faction", "main_stat", "attack_type", "stone_source", "order_rank", "updated_on") VALUES
	('aidan', 'Aidan', 'healer', 'chaos', 'intelligence', '{magic}', '{"Special Events"}', 62.0, '2025-07-19 19:33:00.625003+00'),
	('alvanor', 'Alvanor', 'support', 'nature', 'intelligence', '{magic}', '{"Special Events","Dungeon Shop"}', 23.0, '2025-07-19 19:33:00.67239+00'),
	('amira', 'Amira', 'support', 'mystery', 'intelligence', '{magic}', '{"Special Events"}', 43.0, '2025-07-19 19:33:00.703892+00'),
	('andvari', 'Andvari', 'control', 'mystery', 'strength', '{physical}', '{"Special Events"}', 17.0, '2025-07-19 19:33:00.711711+00'),
	('arachne', 'Arachne', 'control', 'progress', 'intelligence', '{magic,pure}', '{"Heroic Chest"}', 25.0, '2025-07-19 19:33:00.717588+00'),
	('artemis', 'Artemis', 'marksman', 'honor', 'agility', '{physical}', '{Campaign,"Heroic Chest"}', 59.0, '2025-07-19 19:33:00.725066+00'),
	('astaroth', 'Astaroth', 'tank', 'chaos', 'strength', '{physical}', '{Campaign,"Heroic Chest"}', 9.0, '2025-07-19 19:33:00.73236+00'),
	('astrid-and-lucas', 'Astrid and Lucas', 'marksman', 'progress', 'agility', '{physical}', '{"Arena Shop","Heroic Chest"}', 53.0, '2025-07-19 19:33:00.776787+00'),
	('aurora', 'Aurora', 'tank', 'nature', 'strength', '{magic}', '{Campaign}', 2.0, '2025-07-19 19:33:00.785301+00'),
	('cascade', 'Cascade', 'marksman', 'mystery', 'agility', '{physical}', '{"Special Events"}', 46.0, '2025-07-19 19:33:00.829797+00'),
	('celeste', 'Celeste', 'support', 'mystery', 'intelligence', '{magic}', '{"Heroic Chest"}', 32.0, '2025-07-19 19:33:00.838237+00'),
	('chabba', 'Chabba', 'tank', 'nature', 'strength', '{physical,pure}', '{"Arena Shop"}', 1.0, '2025-07-19 19:33:00.845043+00'),
	('cleaver', 'Cleaver', 'tank', 'chaos', 'strength', '{physical,pure}', '{"Heroic Chest"}', 3.0, '2025-07-19 19:33:00.893674+00'),
	('cornelius', 'Cornelius', 'mage', 'honor', 'intelligence', '{physical}', '{"Highwayman Shop"}', 54.0, '2025-07-19 19:33:00.902337+00'),
	('corvus', 'Corvus', 'tank', 'eternity', 'strength', '{physical,pure}', '{"Special Events","Dungeon Shop"}', 5.0, '2025-07-19 19:33:00.912338+00'),
	('dante', 'Dante', 'marksman', 'eternity', 'agility', '{physical}', '{"Tower Shop"}', 26.0, '2025-07-19 19:33:00.920672+00'),
	('daredevil', 'Daredevil', 'marksman', 'progress', 'agility', '{physical}', '{Campaign,"Heroic Chest"}', 48.0, '2025-07-19 19:33:00.937254+00'),
	('dark-star', 'Dark Star', 'marksman', 'nature', 'agility', '{physical}', '{"Arena Shop"}', 51.0, '2025-07-19 19:33:00.944756+00'),
	('dorian', 'Dorian', 'healer', 'chaos', 'intelligence', '{magic}', '{"Town Shop","Heroic Chest"}', 60.0, '2025-07-19 19:33:00.952039+00'),
	('elmir', 'Elmir', 'warrior', 'nature', 'agility', '{physical}', '{"Outland Shop"}', 16.0, '2025-07-19 19:33:00.958856+00'),
	('faceless', 'Faceless', 'control', 'eternity', 'intelligence', '{magic}', '{"Highwayman Shop"}', 55.0, '2025-07-19 19:33:00.965567+00'),
	('fafnir', 'Fafnir', 'support', 'honor', 'strength', '{physical}', '{"Special Events"}', 65.0, '2025-07-19 19:33:00.974149+00'),
	('folio', 'Folio', 'mage', 'mystery', 'intelligence', '{magic}', '{"Special Events"}', 44.0, '2025-07-19 19:33:00.981153+00'),
	('fox', 'Fox', 'marksman', 'progress', 'agility', '{physical}', '{Campaign,"Heroic Chest"}', 56.0, '2025-07-19 19:33:00.989251+00'),
	('galahad', 'Galahad', 'warrior', 'honor', 'strength', '{physical,pure}', '{Campaign,"Heroic Chest"}', 10.0, '2025-07-19 19:33:00.997326+00'),
	('ginger', 'Ginger', 'marksman', 'progress', 'agility', '{physical}', '{Campaign,"Heroic Chest"}', 49.0, '2025-07-19 19:33:01.045751+00'),
	('heidi', 'Heidi', 'mage', 'mystery', 'intelligence', '{pure}', '{Campaign,"Heroic Chest"}', 38.0, '2025-07-19 19:33:01.052022+00'),
	('helios', 'Helios', 'support', 'honor', 'intelligence', '{magic}', '{Campaign,"Heroic Chest"}', 66.0, '2025-07-19 19:33:01.058848+00'),
	('iris', 'Iris', 'mage', 'eternity', 'intelligence', '{magic}', '{"Special Events"}', 41.0, '2025-07-19 19:33:01.065324+00'),
	('isaac', 'Isaac', 'marksman', 'progress', 'agility', '{physical}', '{"Special Events"}', 45.0, '2025-07-19 19:33:01.102672+00'),
	('ishmael', 'Ishmael', 'warrior', 'honor', 'agility', '{physical}', '{"Grand Arena Shop"}', 13.0, '2025-07-19 19:33:01.109603+00'),
	('jet', 'Jet', 'support', 'progress', 'intelligence', '{physical}', '{"Soul Shop"}', 63.0, '2025-07-19 19:33:01.12291+00'),
	('jhu', 'Jhu', 'marksman', 'nature', 'strength', '{physical}', '{"Guild War Shop"}', 34.0, '2025-07-19 19:33:01.129042+00'),
	('jorgen', 'Jorgen', 'control', 'chaos', 'strength', '{magic}', '{"Outland Shop"}', 39.0, '2025-07-19 19:33:01.166643+00'),
	('judge', 'Judge', 'control', 'progress', 'intelligence', '{magic}', '{"Arena Shop"}', 29.0, '2025-07-19 19:33:01.178693+00'),
	('julius', 'Julius', 'tank', 'progress', 'strength', '{physical}', '{"Special Events"}', 8.0, '2025-07-19 19:33:01.183659+00'),
	('karkh', 'K''arkh', 'warrior', 'eternity', 'agility', '{physical}', '{"Guild War Shop"}', 14.0, '2025-07-19 19:33:01.189317+00'),
	('kai', 'Kai', 'mage', 'nature', 'intelligence', '{magic,pure}', '{"Tower Shop"}', 33.0, '2025-07-19 19:33:01.194352+00'),
	('kayla', 'Kayla', 'warrior', 'chaos', 'agility', '{physical}', '{"Special Events"}', 18.0, '2025-07-19 19:33:01.199125+00'),
	('keira', 'Keira', 'marksman', 'eternity', 'agility', '{physical,pure}', '{Campaign,"Heroic Chest"}', 28.0, '2025-07-19 19:33:01.204808+00'),
	('krista', 'Krista', 'support', 'chaos', 'intelligence', '{magic}', '{Campaign,"Heroic Chest"}', 27.0, '2025-07-19 19:33:01.21046+00'),
	('lara-croft', 'Lara Croft', 'marksman', 'progress', 'agility', '{physical}', '{"Special Events"}', 50.0, '2025-07-19 19:33:01.215406+00'),
	('lars', 'Lars', 'mage', 'chaos', 'intelligence', '{magic}', '{Campaign,"Heroic Chest"}', 52.0, '2025-07-19 19:33:01.220177+00'),
	('lian', 'Lian', 'control', 'mystery', 'intelligence', '{magic,pure}', '{"Grand Arena Shop"}', 57.0, '2025-07-19 19:33:01.225845+00'),
	('lilith', 'Lilith', 'mage', 'chaos', 'strength', '{magic}', '{"Highwayman Shop","Heroic Chest"}', 67.0, '2025-07-19 19:33:01.231129+00'),
	('luther', 'Luther', 'tank', 'honor', 'strength', '{physical}', '{"Outland Shop"}', 4.0, '2025-07-19 19:33:01.236338+00'),
	('markus', 'Markus', 'healer', 'honor', 'intelligence', '{magic}', '{"Grand Arena Shop"}', 15.0, '2025-07-19 19:33:01.241689+00'),
	('martha', 'Martha', 'healer', 'mystery', 'intelligence', '{physical}', '{"Special Events"}', 68.0, '2025-07-19 19:33:01.246968+00'),
	('maya', 'Maya', 'healer', 'mystery', 'intelligence', '{pure}', '{"Tower Shop","Heroic Chest"}', 24.0, '2025-07-19 19:33:01.25814+00'),
	('mojo', 'Mojo', 'mage', 'nature', 'intelligence', '{magic}', '{Campaign,"Heroic Chest"}', 37.0, '2025-07-19 19:33:01.270743+00'),
	('morrigan', 'Morrigan', 'healer', 'eternity', 'intelligence', '{physical}', '{"Hydra Shop"}', 31.0, '2025-07-19 19:33:01.277403+00'),
	('phobos', 'Phobos', 'control', 'eternity', 'intelligence', '{magic}', '{Campaign,"Heroic Chest"}', 58.0, '2025-07-19 19:33:01.346141+00'),
	('mushy-and-shroom', 'Mushy and Shroom', 'tank', 'nature', 'intelligence', '{magic}', '{"Special Events"}', 22.0, '2025-07-19 19:33:01.283336+00'),
	('qing-mao', 'Qing Mao', 'warrior', 'honor', 'agility', '{physical,pure}', '{"Outland Shop"}', 20.0, '2025-07-19 19:33:01.352409+00'),
	('xesha', 'Xe''Sha', 'mage', 'chaos', 'intelligence', '{magic}', '{"Special Events"}', 42.0, '2025-07-19 19:33:01.409253+00'),
	('nebula', 'Nebula', 'support', 'progress', 'agility', '{physical}', '{"Guild War Shop"}', 36.0, '2025-07-19 19:33:01.290786+00'),
	('rufus', 'Rufus', 'tank', 'mystery', 'strength', '{physical,pure}', '{"Grand Arena Shop"}', 7.0, '2025-07-19 19:33:01.358804+00'),
	('yasmine', 'Yasmine', 'warrior', 'nature', 'agility', '{physical,pure}', '{"Hydra Shop"}', 19.0, '2025-07-19 19:33:01.414369+00'),
	('ninja-turtles', 'Ninja Turtles', 'warrior', 'nature', 'agility', '{physical}', '{"Special Events"}', 16.5, '2025-07-19 19:33:01.305228+00'),
	('sebastian', 'Sebastian', 'support', 'progress', 'agility', '{physical,pure}', '{"Special Events"}', 35.0, '2025-07-19 19:33:01.368796+00'),
	('octavia', 'Octavia', 'support', 'eternity', 'agility', '{physical}', '{"Special Events"}', 69.0, '2025-07-19 19:33:01.311169+00'),
	('soleil', 'Soleil', 'support', 'honor', 'intelligence', '{magic}', '{"Special Events"}', 40.0, '2025-07-19 19:33:01.374276+00'),
	('orion', 'Orion', 'mage', 'progress', 'intelligence', '{magic}', '{"Tower Shop"}', 47.0, '2025-07-19 19:33:01.32401+00'),
	('tempus', 'Tempus', 'support', 'eternity', 'intelligence', '{magic}', '{"Special Events"}', 30.0, '2025-07-19 19:33:01.386585+00'),
	('oya', 'Oya', 'warrior', 'nature', 'strength', '{physical}', '{"Special Events"}', 12.0, '2025-07-19 19:33:01.330061+00'),
	('thea', 'Thea', 'healer', 'nature', 'intelligence', '{magic}', '{Campaign,"Heroic Chest"}', 64.0, '2025-07-19 19:33:01.392214+00'),
	('peppy', 'Peppy', 'control', 'chaos', 'intelligence', '{magic}', '{Campaign,"Heroic Chest"}', 61.0, '2025-07-19 19:33:01.337007+00'),
	('tristan', 'Tristan', 'warrior', 'honor', 'strength', '{physical}', '{"Special Events"}', 11.0, '2025-07-19 19:33:01.398132+00'),
	('satori', 'Satori', 'mage', 'mystery', 'intelligence', '{magic}', '{"Highwayman Shop","Heroic Chest"}', 21.0, '2025-07-19 19:33:01.363911+00'),
	('ziri', 'Ziri', 'tank', 'mystery', 'strength', '{physical}', '{"Guild War Shop"}', 6.0, '2025-07-19 19:33:01.419866+00');


--
-- Data for Name: hero_artifact; Type: TABLE DATA; Schema: public; Owner: postgres
--

INSERT INTO "public"."hero_artifact" ("id", "hero_slug", "artifact_type", "name", "team_buff", "team_buff_secondary", "created_at") VALUES
	('02fd4f83-d6bd-43d3-b889-3d6e907560d1', 'aidan', 'weapon', 'Phoenix Seal', 'magic defense', NULL, '2025-07-19 19:33:00.636299+00'),
	('03cb4412-1519-45a9-a195-cdb5d91e0420', 'aidan', 'book', 'Tome of Arcane Knowledge', NULL, NULL, '2025-07-19 19:33:00.636299+00'),
	('5226c69e-65ee-4299-80ad-ff382b2d25e5', 'aidan', 'ring', NULL, NULL, NULL, '2025-07-19 19:33:00.636299+00'),
	('1d7be201-41bf-4160-9eb6-c07f3b95eb1f', 'alvanor', 'weapon', 'Soul of the Forest', 'magic attack', NULL, '2025-07-19 19:33:00.679087+00'),
	('6cd519af-db87-429b-b788-1b7654e7577c', 'alvanor', 'book', 'Manuscript of the Void', NULL, NULL, '2025-07-19 19:33:00.679087+00'),
	('2233ddc1-2315-4bd3-a8fb-afaa4cde15c1', 'alvanor', 'ring', NULL, NULL, NULL, '2025-07-19 19:33:00.679087+00'),
	('e4c245d7-037d-401d-ab44-3fa6ea04297f', 'astaroth', 'weapon', 'Scythe of Redemption', 'armor', NULL, '2025-07-19 19:33:00.740208+00'),
	('b8cc3187-4407-4ab2-995a-0932b0b70aae', 'astaroth', 'book', 'Defender''s Covenant', NULL, NULL, '2025-07-19 19:33:00.740208+00'),
	('b47c32d5-e76c-4464-9782-fe7db842a947', 'astaroth', 'ring', NULL, NULL, NULL, '2025-07-19 19:33:00.740208+00'),
	('52200a36-0fe3-45e9-ba35-3bc08c722df8', 'aurora', 'weapon', 'Selias'' Legacy', 'dodge', NULL, '2025-07-19 19:33:00.79259+00'),
	('8ba02327-78a4-4ae6-8529-8884d412ec34', 'aurora', 'book', 'Book of Illusions', NULL, NULL, '2025-07-19 19:33:00.79259+00'),
	('31a9ca42-81ef-4d36-acd0-789707ef5acd', 'aurora', 'ring', NULL, NULL, NULL, '2025-07-19 19:33:00.79259+00'),
	('a52d7875-03cd-484b-8817-69b92aceef1b', 'chabba', 'weapon', 'Bracers of Hunger', 'armor', NULL, '2025-07-19 19:33:00.854299+00'),
	('7c8d1ae5-a21d-4168-9732-c3cdd9c90bf1', 'chabba', 'book', 'Defender''s Covenant', NULL, NULL, '2025-07-19 19:33:00.854299+00'),
	('e56fb927-7d62-4aa3-b2bc-a2bf4e2d9c11', 'chabba', 'ring', NULL, NULL, NULL, '2025-07-19 19:33:00.854299+00'),
	('2f339c41-01b5-4771-b158-7aab71534d88', 'dante', 'weapon', 'Spear of Fate', 'dodge', NULL, '2025-07-19 19:33:00.928976+00'),
	('927513b2-e83c-48e7-8b12-3b8d663be83e', 'dante', 'book', 'Book of Illusions', NULL, NULL, '2025-07-19 19:33:00.928976+00'),
	('cedbb303-5907-44dc-a43e-8e4d95a2731d', 'dante', 'ring', NULL, NULL, NULL, '2025-07-19 19:33:00.928976+00'),
	('3e23589d-b54c-43f9-b6da-4416cad0ca20', 'galahad', 'weapon', 'Harunian Sword', 'physical attack', NULL, '2025-07-19 19:33:01.004814+00'),
	('c9adc16d-c619-41a2-9189-9cb0fb8ada7a', 'galahad', 'book', 'Defender''s Covenant', NULL, NULL, '2025-07-19 19:33:01.004814+00'),
	('b72637b8-1c5c-46d2-8bbc-5a5759f712c5', 'galahad', 'ring', NULL, NULL, NULL, '2025-07-19 19:33:01.004814+00'),
	('ea805906-17f1-4afc-8dae-2c590c0350eb', 'iris', 'weapon', 'Tome of Enslaved Souls', 'magic attack', NULL, '2025-07-19 19:33:01.072372+00'),
	('06c5751f-b833-4eb5-9ec1-3e7638607aaa', 'iris', 'book', 'Tome of Arcane Knowledge', NULL, NULL, '2025-07-19 19:33:01.072372+00'),
	('49e4fbd5-93d2-4e7f-bc26-d0dbdce698d5', 'iris', 'ring', NULL, NULL, NULL, '2025-07-19 19:33:01.072372+00'),
	('958f12e6-e1c5-4856-9aca-9055f5ad3961', 'ishmael', 'weapon', 'Hidden Demon''s Katars', 'crit hit chance', NULL, '2025-07-19 19:33:01.115853+00'),
	('7224d6f2-4c0e-4065-bd8a-5b5ecaa05444', 'ishmael', 'book', 'Alchemist''s Folio', NULL, NULL, '2025-07-19 19:33:01.115853+00'),
	('99d4ca67-88a5-4bbe-bcae-fde434d41a53', 'ishmael', 'ring', NULL, NULL, NULL, '2025-07-19 19:33:01.115853+00'),
	('ca742039-5f65-4d65-ba6b-37e60e540ab6', 'jhu', 'weapon', 'Zarakkar Bones', 'crit hit chance', NULL, '2025-07-19 19:33:01.134991+00'),
	('c9d1a22b-49b3-4046-a948-c4eeefc12d2b', 'jhu', 'book', 'Warrior''s Code', NULL, NULL, '2025-07-19 19:33:01.134991+00'),
	('873aceb9-01fb-433d-b54a-7b64e2288c49', 'jhu', 'ring', NULL, NULL, NULL, '2025-07-19 19:33:01.134991+00'),
	('7293bebc-081e-464b-9c45-8433aaf9073c', 'jorgen', 'weapon', 'Shavarakk''s Blood', 'magic attack', NULL, '2025-07-19 19:33:01.172938+00'),
	('1c7909a4-9e8f-43c4-b714-933e2437b3bc', 'jorgen', 'book', 'Defender''s Covenant', NULL, NULL, '2025-07-19 19:33:01.172938+00'),
	('b1720652-1984-4801-8f16-51f8b1b0ce82', 'jorgen', 'ring', NULL, NULL, NULL, '2025-07-19 19:33:01.172938+00'),
	('5277189e-9d32-48b0-993a-d8d65526bfbf', 'martha', 'weapon', 'Zarakkari Teapot', 'armor', NULL, '2025-07-19 19:33:01.252149+00'),
	('87babe91-622f-4cc9-a14e-449e32c46374', 'martha', 'book', 'Tome of Arcane Knowledge', NULL, NULL, '2025-07-19 19:33:01.252149+00'),
	('4865e992-02d3-4bb9-a4ae-3181930797b3', 'martha', 'ring', NULL, NULL, NULL, '2025-07-19 19:33:01.252149+00'),
	('46477dd2-1992-42c6-a971-9a6e79606cd0', 'maya', 'weapon', 'Mother Tree''s Branch', 'magic defense', NULL, '2025-07-19 19:33:01.264038+00'),
	('a00520f2-8e0f-4dab-a874-4a4a93f5f61a', 'maya', 'book', 'Tome of Arcane Knowledge', NULL, NULL, '2025-07-19 19:33:01.264038+00'),
	('7e8a24c8-515e-44df-b5ee-fffce7f47327', 'maya', 'ring', NULL, NULL, NULL, '2025-07-19 19:33:01.264038+00'),
	('d2a4a800-8234-4b59-83de-0d2f158cf657', 'nebula', 'weapon', 'Unborn Stars', 'physical attack', NULL, '2025-07-19 19:33:01.298143+00'),
	('f55d3010-45fc-4b7d-9e75-e895e5b55e1a', 'nebula', 'book', 'Book of Illusions', NULL, NULL, '2025-07-19 19:33:01.298143+00'),
	('be74f7d4-a284-4748-b8ea-02c756995a9f', 'nebula', 'ring', NULL, NULL, NULL, '2025-07-19 19:33:01.298143+00'),
	('3ea0e21b-751e-4a19-828a-ecd01c52a8e6', 'octavia', 'weapon', 'Mirror of Truth', 'dodge', NULL, '2025-07-19 19:33:01.316462+00'),
	('0249488b-cc30-47c1-b360-50972aaa0a1a', 'octavia', 'book', 'Book of Illusions', NULL, NULL, '2025-07-19 19:33:01.316462+00'),
	('0b6cba1e-e157-4ac6-8139-eb15f907d305', 'octavia', 'ring', NULL, NULL, NULL, '2025-07-19 19:33:01.316462+00'),
	('4ff867b5-2aee-44b1-932f-0f2d40bec5fe', 'soleil', 'weapon', 'Prison of the Ancient God', 'magic attack', NULL, '2025-07-19 19:33:01.380126+00'),
	('69032a1c-c142-4fc7-bbc5-53dbf9e4781b', 'soleil', 'book', 'Tome of Arcane Knowledge', NULL, NULL, '2025-07-19 19:33:01.380126+00'),
	('05d6dd44-2faa-47a1-bc48-680009466af3', 'soleil', 'ring', NULL, NULL, NULL, '2025-07-19 19:33:01.380126+00'),
	('de2dddfa-8df4-4566-be18-9e41740f8425', 'tristan', 'weapon', 'Demonic Reliquary', 'armor penetration', NULL, '2025-07-19 19:33:01.40331+00'),
	('b6a20aa2-8425-470d-89f7-e22083426c07', 'tristan', 'book', 'Alchemist''s Folio', NULL, NULL, '2025-07-19 19:33:01.40331+00'),
	('7863396a-c309-4184-88da-09aafd2d4a72', 'tristan', 'ring', NULL, NULL, NULL, '2025-07-19 19:33:01.40331+00');


--
-- Data for Name: hero_equipment_slot; Type: TABLE DATA; Schema: public; Owner: postgres
--

INSERT INTO "public"."hero_equipment_slot" ("id", "hero_slug", "quality", "slot_position", "equipment_slug", "created_at") VALUES
	('45b0c9d1-2598-41ad-bea7-b27fd42f2cfb', 'aidan', 'white', 1, 'wooden-shield', '2025-07-19 19:33:00.663248+00'),
	('279ee0b5-2ee3-41b2-854c-209118c9892a', 'aidan', 'white', 2, 'steel-pauldron', '2025-07-19 19:33:00.663248+00'),
	('c12e0050-a49d-4387-a096-b7704da8a1dd', 'aidan', 'white', 3, 'apprentices-mantle', '2025-07-19 19:33:00.663248+00'),
	('872f9122-2ea4-4ba7-80f1-607b059bf86f', 'aidan', 'white', 4, 'oil-lamp', '2025-07-19 19:33:00.663248+00'),
	('da0cdff5-e211-4737-95fa-07dc011074aa', 'aidan', 'white', 5, 'travellers-staff', '2025-07-19 19:33:00.663248+00'),
	('6842dcac-e30c-4e4e-a5b3-c4da9a36ba67', 'aidan', 'white', 6, 'lucky-dice', '2025-07-19 19:33:00.663248+00'),
	('c3d8126f-cad7-49f4-a9a6-f83081a78016', 'aidan', 'green', 1, 'apprentices-mantle', '2025-07-19 19:33:00.663248+00'),
	('8b5937ec-2c40-4ac9-a195-2ed44a107619', 'aidan', 'green', 2, 'lucky-dice', '2025-07-19 19:33:00.663248+00'),
	('5e4c0302-a6de-4645-b392-0b8a26756d76', 'aidan', 'green', 3, 'travellers-staff', '2025-07-19 19:33:00.663248+00'),
	('0fdf0090-5e50-4ad3-a9a0-6f184598b070', 'aidan', 'green', 4, 'censer', '2025-07-19 19:33:00.663248+00'),
	('33fa9980-79ae-408f-b572-9f6f956766b4', 'aidan', 'green', 5, 'lost-ring', '2025-07-19 19:33:00.663248+00'),
	('d707a542-d4fa-44b9-a2b6-523d8b2216d0', 'aidan', 'green', 6, 'elven-bow', '2025-07-19 19:33:00.663248+00'),
	('138b473f-fef8-402f-b0e8-9e41ab10ef23', 'aidan', 'green+1', 1, 'wooden-shield', '2025-07-19 19:33:00.663248+00'),
	('b1f97a68-eae0-4230-a131-46952fdc0da9', 'aidan', 'green+1', 2, 'censer', '2025-07-19 19:33:00.663248+00'),
	('b3166d89-64be-4cb5-b4f9-ff55739ce401', 'aidan', 'green+1', 3, 'lost-ring', '2025-07-19 19:33:00.663248+00'),
	('f89ed314-2635-4ae0-a2a0-1378d1025541', 'aidan', 'green+1', 4, 'soul-catcher', '2025-07-19 19:33:00.663248+00'),
	('a63be1b5-1128-4f47-bfa5-8a6f962322a3', 'aidan', 'green+1', 5, 'victors-helmet', '2025-07-19 19:33:00.663248+00'),
	('9987efb4-9062-4733-a768-56c98fed9567', 'aidan', 'green+1', 6, 'soul-catcher', '2025-07-19 19:33:00.663248+00'),
	('b3fd9627-965b-4cfa-872d-43f42b922543', 'astaroth', 'white', 1, 'wooden-shield', '2025-07-19 19:33:00.764004+00'),
	('adf57661-a2a1-4107-9858-63199e1b26f9', 'astaroth', 'white', 2, 'giants-belt', '2025-07-19 19:33:00.764004+00'),
	('ce9650cf-d32e-48b2-a114-d56ac3434bed', 'astaroth', 'white', 3, 'apprentices-mantle', '2025-07-19 19:33:00.764004+00'),
	('9166e014-2074-4f91-a4e1-7a4486ff8209', 'astaroth', 'white', 4, 'steel-pauldron', '2025-07-19 19:33:00.764004+00'),
	('529c4b7f-1e3b-4c93-8a04-4c9595ddadcd', 'astaroth', 'white', 5, 'lucky-dice', '2025-07-19 19:33:00.764004+00'),
	('ce21e6ce-a48a-49b1-9998-9af2289aab6a', 'astaroth', 'white', 6, 'imperial-shield', '2025-07-19 19:33:00.764004+00'),
	('41b4b327-781a-4b4d-ab84-463c7ab69598', 'astaroth', 'green', 1, 'imperial-shield', '2025-07-19 19:33:00.764004+00'),
	('5e90e6c7-c07f-42d3-b81e-d931db482d31', 'astaroth', 'green', 2, 'orcish-yatagan', '2025-07-19 19:33:00.764004+00'),
	('6681deaf-9a1e-42f0-8c98-52e263e79358', 'astaroth', 'green', 3, 'sledgehammer', '2025-07-19 19:33:00.764004+00'),
	('99021da7-c5fc-4b99-bf79-e2464561d694', 'astaroth', 'green', 4, 'orcish-hammer', '2025-07-19 19:33:00.764004+00'),
	('3802248f-9a6b-4e90-ac94-e29a29555451', 'astaroth', 'green', 5, 'cuirass', '2025-07-19 19:33:00.764004+00'),
	('36cb171d-1a95-4648-8778-069301d82174', 'astaroth', 'green', 6, 'cains-seal', '2025-07-19 19:33:00.764004+00'),
	('4d924e23-419e-4a6f-bc00-f4dfb8750364', 'astaroth', 'green+1', 1, 'orcish-hammer', '2025-07-19 19:33:00.764004+00'),
	('42903c01-17f4-49a3-9114-bcb2ad3bc5eb', 'astaroth', 'green+1', 2, 'orcish-yatagan', '2025-07-19 19:33:00.764004+00'),
	('7e874f36-6050-4b16-9081-cece678e5e7b', 'astaroth', 'green+1', 3, 'cuirass', '2025-07-19 19:33:00.764004+00'),
	('b819ec0e-9c5d-4148-a0ce-f060fc355234', 'astaroth', 'green+1', 4, 'cains-seal', '2025-07-19 19:33:00.764004+00'),
	('d1f22beb-9267-427c-ba1c-9aea610cdb88', 'astaroth', 'green+1', 5, 'shining-armor', '2025-07-19 19:33:00.764004+00'),
	('16ad512b-bfde-4a4e-8eb0-b38ffc176761', 'astaroth', 'green+1', 6, 'traitors-shield', '2025-07-19 19:33:00.764004+00'),
	('5a17a302-551a-4f82-876b-f7911c2cddce', 'astaroth', 'blue', 1, 'guardians-shield', '2025-07-19 19:33:00.764004+00'),
	('861a929d-815b-421f-a53b-24e47b6ec2d5', 'astaroth', 'blue', 2, 'shining-armor', '2025-07-19 19:33:00.764004+00'),
	('2de8a0d7-c8f1-4cac-a660-34576a6c85cb', 'astaroth', 'blue', 3, 'voodoo-doll', '2025-07-19 19:33:00.764004+00'),
	('fb68f1d7-c5bb-457f-921c-0c9080c8c1d3', 'astaroth', 'blue', 4, 'brothers', '2025-07-19 19:33:00.764004+00'),
	('cad75b39-2b9c-460c-8673-2cc53633fab4', 'astaroth', 'blue', 5, 'serenity-stone', '2025-07-19 19:33:00.764004+00'),
	('759ff1f7-d8e9-4508-ba13-f3c5937df15e', 'astaroth', 'blue', 6, 'enchanted-lute', '2025-07-19 19:33:00.764004+00'),
	('c8f3d22b-542a-4f6a-9be3-a9371074a6e9', 'astaroth', 'blue+1', 1, 'lost-ring', '2025-07-19 19:33:00.764004+00'),
	('548eca29-823e-4bcc-8117-fc39b8e6be73', 'astaroth', 'blue+1', 2, 'wall-breaker', '2025-07-19 19:33:00.764004+00'),
	('0dabbd17-b9fa-4c75-ba4a-383980e25928', 'astaroth', 'blue+1', 3, 'brothers', '2025-07-19 19:33:00.764004+00'),
	('6ae6da2a-4fa9-49e7-a413-6c19fe0172a0', 'astaroth', 'blue+1', 4, 'wyverns-heart', '2025-07-19 19:33:00.764004+00'),
	('6a3e9c19-22ee-479c-b3bf-34d407848d1f', 'astaroth', 'blue+1', 5, 'serenity-stone', '2025-07-19 19:33:00.764004+00'),
	('fdb5cd2e-3a00-469d-8686-7e972faff2c8', 'astaroth', 'blue+1', 6, 'dark-grail', '2025-07-19 19:33:00.764004+00'),
	('246d8218-5d97-4af5-8fc3-12b838952faf', 'astaroth', 'blue+2', 1, 'elven-armor', '2025-07-19 19:33:00.764004+00'),
	('8b907e6b-4bf2-483a-a26c-42410fd51e4b', 'astaroth', 'blue+2', 2, 'voodoo-doll', '2025-07-19 19:33:00.764004+00'),
	('d8a7d540-5439-4377-8b78-4ec639d8fdec', 'astaroth', 'blue+2', 3, 'serenity-stone', '2025-07-19 19:33:00.764004+00'),
	('c62dade8-93f1-431b-968e-b44fd5644353', 'astaroth', 'blue+2', 4, 'enchanted-lute', '2025-07-19 19:33:00.764004+00'),
	('478bad55-8cde-4882-a35a-e0cefa19e613', 'astaroth', 'blue+2', 5, 'prosperos-helmet', '2025-07-19 19:33:00.764004+00'),
	('125f332f-0691-42ce-8c41-c905095aae91', 'astaroth', 'blue+2', 6, 'prince-of-thieves-armor', '2025-07-19 19:33:00.764004+00'),
	('0ff32741-5225-44bf-bd3d-011f62de50f6', 'astaroth', 'violet', 1, 'raven-kings-cloak', '2025-07-19 19:33:00.764004+00'),
	('b1d357d7-0695-47b9-b0a1-38abb86c6aa5', 'astaroth', 'violet', 2, 'prosperos-helmet', '2025-07-19 19:33:00.764004+00'),
	('86b3e9c2-4456-484f-a458-e19c7126117c', 'astaroth', 'violet', 3, 'storm-hammer', '2025-07-19 19:33:00.764004+00'),
	('225d30fe-87b8-424a-a28e-83b4f9b8f276', 'astaroth', 'violet', 4, 'lion-armor', '2025-07-19 19:33:00.764004+00'),
	('4fcefc4d-6ada-4ba9-85e3-7ec466205ce6', 'astaroth', 'violet', 5, 'dragon-shield', '2025-07-19 19:33:00.764004+00'),
	('8a68b09b-2a14-40b0-a747-6194c147814b', 'astaroth', 'violet', 6, 'sirens-song', '2025-07-19 19:33:00.764004+00'),
	('c04faddc-8d03-41cc-adf9-608c0353a961', 'astaroth', 'violet+1', 1, 'raven-kings-cloak', '2025-07-19 19:33:00.764004+00'),
	('a45742cf-9618-4d42-a0e1-79acc5a30ff6', 'astaroth', 'violet+1', 2, 'elven-shield', '2025-07-19 19:33:00.764004+00'),
	('33592e33-591a-45b5-a6ef-668d37c7bdf4', 'astaroth', 'violet+1', 3, 'sages-crown', '2025-07-19 19:33:00.764004+00'),
	('addec029-6f37-42d2-b357-d00fd4f1743b', 'astaroth', 'violet+1', 4, 'storm-hammer', '2025-07-19 19:33:00.764004+00'),
	('98ca3b01-80f1-4776-a902-a1858ec88c14', 'astaroth', 'violet+1', 5, 'executioners-sword', '2025-07-19 19:33:00.764004+00'),
	('6c2a92c4-819a-4d31-a0ee-994f34f98dd4', 'astaroth', 'violet+1', 6, 'talisman', '2025-07-19 19:33:00.764004+00'),
	('e4080220-7a98-4bcb-9cbd-ee3972347e83', 'astaroth', 'violet+2', 1, 'book-of-tales', '2025-07-19 19:33:00.764004+00'),
	('afdeb110-6a61-4540-b7dc-3372a80250c2', 'astaroth', 'violet+2', 2, 'raven-kings-cloak', '2025-07-19 19:33:00.764004+00'),
	('8f2be32f-f953-451f-8127-e3d9bad1b380', 'astaroth', 'violet+2', 3, 'lion-armor', '2025-07-19 19:33:00.764004+00'),
	('0b14c7d7-9668-4a53-a973-8a51e8efaf98', 'astaroth', 'violet+2', 4, 'talisman', '2025-07-19 19:33:00.764004+00'),
	('1bddf43b-1a93-43a8-9626-241ddc7251cf', 'astaroth', 'violet+2', 5, 'executioners-sword', '2025-07-19 19:33:00.764004+00'),
	('ce8cdbb2-4ffc-4483-9d96-04eafc259149', 'astaroth', 'violet+2', 6, 'world-tremor', '2025-07-19 19:33:00.764004+00'),
	('cabb2fdc-6d51-4fb6-bf51-0cb57cef864d', 'astaroth', 'violet+3', 1, 'prince-of-thieves-armor', '2025-07-19 19:33:00.764004+00'),
	('a58eed9e-fdeb-478c-be9d-8aecafeb2808', 'astaroth', 'violet+3', 2, 'sages-crown', '2025-07-19 19:33:00.764004+00'),
	('95ede6c3-e477-47a9-8f16-46f93474e230', 'astaroth', 'violet+3', 3, 'talisman', '2025-07-19 19:33:00.764004+00'),
	('cfa5a1e1-857b-42ad-ae54-bb92125f07bf', 'astaroth', 'violet+3', 4, 'book-of-tales', '2025-07-19 19:33:00.764004+00'),
	('45755a71-2539-468f-9d98-290a031d0e98', 'astaroth', 'violet+3', 5, 'book-of-prophecies', '2025-07-19 19:33:00.764004+00'),
	('24a01a96-c480-4716-9d09-c0efed8d949c', 'astaroth', 'violet+3', 6, 'cosmic-tremor', '2025-07-19 19:33:00.764004+00'),
	('65944832-8165-4efa-9da1-fa48456dbc40', 'astaroth', 'orange', 1, 'talisman', '2025-07-19 19:33:00.764004+00'),
	('826a04a8-dfb5-4d5a-b7f6-70c91920620a', 'astaroth', 'orange', 2, 'executioners-sword', '2025-07-19 19:33:00.764004+00'),
	('724e7228-02f2-4ccc-b277-65aeec92bcf1', 'astaroth', 'orange', 3, 'book-of-tales', '2025-07-19 19:33:00.764004+00'),
	('1d53150c-72fa-4b15-8425-25945409bb28', 'astaroth', 'orange', 4, 'cosmic-tremor', '2025-07-19 19:33:00.764004+00'),
	('a5bfc9ef-b83b-40f1-b35c-a28a74d0c3f5', 'astaroth', 'orange', 5, 'harunian-helm', '2025-07-19 19:33:00.764004+00'),
	('6d150d10-c6ec-4e7d-bf54-5a630c811386', 'astaroth', 'orange', 6, 'citadel-guardian', '2025-07-19 19:33:00.764004+00'),
	('7b24bce6-604a-4a31-ae4c-05dfd1b17ea7', 'astaroth', 'orange+1', 1, 'trine', '2025-07-19 19:33:00.764004+00'),
	('83a5338b-b63d-46aa-925e-b5092a32388c', 'astaroth', 'orange+1', 2, 'governor', '2025-07-19 19:33:00.764004+00'),
	('c817c8cf-66da-4eab-a60f-cba7731d72c9', 'astaroth', 'orange+1', 3, 'book-of-prophecies', '2025-07-19 19:33:00.764004+00'),
	('e819d2a3-e58e-442e-89a3-4d33b9fb5a0b', 'astaroth', 'orange+1', 4, 'harunian-helm', '2025-07-19 19:33:00.764004+00'),
	('36323d0d-19ca-43da-9001-710004514b54', 'astaroth', 'orange+1', 5, 'citadel-guardian', '2025-07-19 19:33:00.764004+00'),
	('4362d1dc-bd9a-4e3e-a098-99cdeff9b64d', 'astaroth', 'orange+1', 6, 'asklepius-staff', '2025-07-19 19:33:00.764004+00'),
	('58b0dcae-6ac2-4bb1-9b06-21929971041b', 'astaroth', 'orange+2', 1, 'lion-helmet', '2025-07-19 19:33:00.764004+00'),
	('cca947e3-0f7d-4080-a193-c9d907ae4d28', 'astaroth', 'orange+2', 2, 'cosmic-tremor', '2025-07-19 19:33:00.764004+00'),
	('43160e0a-4afe-44b9-8bb6-84f2a4c94906', 'astaroth', 'orange+2', 3, 'alchemists-set', '2025-07-19 19:33:00.764004+00'),
	('1637a665-2804-4b29-90e0-2e76a808ce1a', 'astaroth', 'orange+2', 4, 'citadel-guardian', '2025-07-19 19:33:00.764004+00'),
	('de4abbd0-fcbd-40c6-b3a9-8ceaead82458', 'astaroth', 'orange+2', 5, 'asklepius-staff', '2025-07-19 19:33:00.764004+00'),
	('5992ca4e-249f-44d6-9d2c-545a53208d33', 'astaroth', 'orange+2', 6, 'radiant-armor', '2025-07-19 19:33:00.764004+00'),
	('110926ae-e2c6-446f-8146-7c4cb6b746ff', 'astaroth', 'orange+3', 1, 'all-seer', '2025-07-19 19:33:00.764004+00'),
	('254a702a-e7ba-4066-8cf1-87f467b94678', 'astaroth', 'orange+3', 2, 'lion-helmet', '2025-07-19 19:33:00.764004+00'),
	('6cec994c-9dc6-4232-b730-aa98048d5318', 'astaroth', 'orange+3', 3, 'asklepius-staff', '2025-07-19 19:33:00.764004+00'),
	('9154e02f-b4c9-4530-a98b-916e8c8b4137', 'astaroth', 'orange+3', 4, 'sphere-of-power', '2025-07-19 19:33:00.764004+00'),
	('a4f3c095-5270-4292-a623-ce2edc672dc5', 'astaroth', 'orange+3', 5, 'oracles-censer', '2025-07-19 19:33:00.764004+00'),
	('4038751c-8b36-4bba-b428-8f1b36cffc62', 'astaroth', 'orange+3', 6, 'oppressors-crown', '2025-07-19 19:33:00.764004+00'),
	('771da1c7-367f-4c8a-b97b-00d7eb1d427f', 'astaroth', 'orange+4', 1, 'flaming-heart', '2025-07-19 19:33:00.764004+00'),
	('b85699bb-5b5c-42ce-b5b6-26639d845f89', 'astaroth', 'orange+4', 2, 'giant-slayer', '2025-07-19 19:33:00.764004+00'),
	('638b03d2-ac54-4d55-bc9a-0418f721f7e1', 'astaroth', 'orange+4', 3, 'asklepius-staff', '2025-07-19 19:33:00.764004+00'),
	('859560f5-a420-495c-bd93-92f8448e89f4', 'astaroth', 'orange+4', 4, 'sphere-of-power', '2025-07-19 19:33:00.764004+00'),
	('3b1a9a78-1ff9-45a8-a5dc-5b9baea7e359', 'astaroth', 'orange+4', 5, 'oppressors-crown', '2025-07-19 19:33:00.764004+00'),
	('4daefbc6-3627-4e60-99f0-68522fbb68bb', 'astaroth', 'orange+4', 6, 'evil-genius-cuirass', '2025-07-19 19:33:00.764004+00'),
	('8a3217f3-53f6-4ee3-ae90-e9dac355b54a', 'aurora', 'white', 1, 'orcish-knuckles', '2025-07-19 19:33:00.815544+00'),
	('ad8b2b1e-1fc8-4d9e-9687-dc3e42097132', 'aurora', 'white', 2, 'apprentices-mantle', '2025-07-19 19:33:00.815544+00'),
	('1d3c6298-5983-4a77-b27f-32d77b777ec3', 'aurora', 'white', 3, 'giants-belt', '2025-07-19 19:33:00.815544+00'),
	('d6f6e696-1dd4-481a-bdaa-07696fd5be77', 'aurora', 'white', 4, 'wooden-shield', '2025-07-19 19:33:00.815544+00'),
	('5e28de05-3f4e-4bda-86a5-082c840ea417', 'aurora', 'white', 5, 'imperial-shield', '2025-07-19 19:33:00.815544+00'),
	('225f9e60-e361-4f41-8911-a96b6fc595e2', 'aurora', 'white', 6, 'oil-lamp', '2025-07-19 19:33:00.815544+00'),
	('f5dc6450-e396-470d-95d9-64bbbab89718', 'aurora', 'green', 1, 'wooden-shield', '2025-07-19 19:33:00.815544+00'),
	('e63478f2-7dea-4b08-b7eb-d0a4fa62d6b5', 'aurora', 'green', 2, 'apprentices-mantle', '2025-07-19 19:33:00.815544+00'),
	('d8565e32-dbe5-486c-8af6-68dbe72a477e', 'aurora', 'green', 3, 'sledgehammer', '2025-07-19 19:33:00.815544+00'),
	('d943828c-d3bd-4c1d-b0b2-7d3ac93ce7c3', 'aurora', 'green', 4, 'orcish-hammer', '2025-07-19 19:33:00.815544+00'),
	('c9da0775-7f2b-4cab-8887-252d1b3b3d99', 'aurora', 'green', 5, 'fire-sword', '2025-07-19 19:33:00.815544+00'),
	('e512a311-d58c-4df2-aa7d-0dc6f001b0c9', 'aurora', 'green', 6, 'cuirass', '2025-07-19 19:33:00.815544+00'),
	('e02267fd-ef98-4850-91fb-c1f44da1e046', 'aurora', 'green+1', 1, 'imperial-shield', '2025-07-19 19:33:00.815544+00'),
	('f5fd98bf-308d-4bcb-912e-06ee85fbd737', 'aurora', 'green+1', 2, 'wizards-staff', '2025-07-19 19:33:00.815544+00'),
	('80cc83b0-1de4-4bfa-acc7-d45c62f8e9d5', 'aurora', 'green+1', 3, 'cuirass', '2025-07-19 19:33:00.815544+00'),
	('d24c0133-096b-4d6d-ac5e-0024d919b40f', 'aurora', 'green+1', 4, 'cains-seal', '2025-07-19 19:33:00.815544+00'),
	('6df14134-b9bc-47be-827f-5478470dbdc7', 'aurora', 'green+1', 5, 'screaming-blade', '2025-07-19 19:33:00.815544+00'),
	('2db4ce63-6fa7-4587-8642-d5c02a307093', 'aurora', 'green+1', 6, 'soul-catcher', '2025-07-19 19:33:00.815544+00'),
	('ff569c79-373a-4697-8079-3f5c15b4dcee', 'aurora', 'blue', 1, 'midnight-crystal', '2025-07-19 19:33:00.815544+00'),
	('6efd9dd7-2f1b-404a-a5ab-f528959ec291', 'aurora', 'blue', 2, 'wall-breaker', '2025-07-19 19:33:00.815544+00'),
	('d59ca2c0-f9b7-47cf-900c-dc54c6feb8ae', 'aurora', 'blue', 3, 'soul-catcher', '2025-07-19 19:33:00.815544+00'),
	('1f9b71f0-5f70-4578-9522-840625346dac', 'aurora', 'blue', 4, 'silent-guardian', '2025-07-19 19:33:00.815544+00'),
	('7bd96cbb-3809-4ffe-b80e-b272838a1952', 'aurora', 'blue', 5, 'sacred-rosary', '2025-07-19 19:33:00.815544+00'),
	('940ceed4-e13e-41d3-a6c7-afd16b016384', 'aurora', 'blue', 6, 'enchanted-lute', '2025-07-19 19:33:00.815544+00'),
	('61e8bda5-a5c7-4f81-abe1-1d498b6f93ca', 'aurora', 'blue+1', 1, 'midnight-crystal', '2025-07-19 19:33:00.815544+00'),
	('6a1c9712-d2d7-4ee6-8f83-469cc76e4177', 'aurora', 'blue+1', 2, 'wall-breaker', '2025-07-19 19:33:00.815544+00'),
	('19935791-e14a-4281-9efb-e820adc37087', 'aurora', 'blue+1', 3, 'soul-catcher', '2025-07-19 19:33:00.815544+00'),
	('e9dfb6a3-a391-4f9e-b994-198b9408f021', 'aurora', 'blue+1', 4, 'wyverns-heart', '2025-07-19 19:33:00.815544+00'),
	('5665232b-eedf-42f4-b5a3-3c8d71299dd1', 'aurora', 'blue+1', 5, 'portal-gem', '2025-07-19 19:33:00.815544+00'),
	('774e5455-adc8-4ac5-9209-dea5a991d38c', 'aurora', 'blue+1', 6, 'voodoo-staff', '2025-07-19 19:33:00.815544+00'),
	('1be75e55-4223-4b16-91e7-1534ccb066ee', 'aurora', 'blue+2', 1, 'poleaxe', '2025-07-19 19:33:00.815544+00'),
	('82820bda-900a-4171-8d37-ac08f11c2c14', 'aurora', 'blue+2', 2, 'voodoo-doll', '2025-07-19 19:33:00.815544+00'),
	('aa43000d-2e87-417a-83d6-da2581eba751', 'aurora', 'blue+2', 3, 'wyverns-heart', '2025-07-19 19:33:00.815544+00'),
	('974436dc-0f26-469c-9cc2-c21fcaf27807', 'aurora', 'blue+2', 4, 'portal-gem', '2025-07-19 19:33:00.815544+00'),
	('f37e733d-3149-4fd5-b897-76262c691c7d', 'aurora', 'blue+2', 5, 'voodoo-staff', '2025-07-19 19:33:00.815544+00'),
	('ae851389-31eb-413d-969e-1a84e95e8e56', 'aurora', 'blue+2', 6, 'hand-of-midas', '2025-07-19 19:33:00.815544+00'),
	('4624649e-73f8-4899-b852-e1aa74ee5fbb', 'aurora', 'violet', 1, 'wyverns-heart', '2025-07-19 19:33:00.815544+00'),
	('0e23ebcc-46c4-48b7-a5b7-3fce80b39301', 'aurora', 'violet', 2, 'portal-gem', '2025-07-19 19:33:00.815544+00'),
	('5b5b037e-e223-48ad-8d82-ed4d95366306', 'aurora', 'violet', 3, 'voodoo-staff', '2025-07-19 19:33:00.815544+00'),
	('420e3006-19ac-43d0-bd28-4a2cb2b7a614', 'aurora', 'violet', 4, 'globus-cruciger', '2025-07-19 19:33:00.815544+00'),
	('fce99937-5c8e-446e-8717-9a09bdaad6ad', 'aurora', 'violet', 5, 'pastors-seal', '2025-07-19 19:33:00.815544+00'),
	('b0533561-88e9-4bd7-aa3a-6652282c870b', 'aurora', 'violet', 6, 'minotaurs-head', '2025-07-19 19:33:00.815544+00'),
	('99e08c4c-3a86-4778-9f29-51d0bc60dbc7', 'aurora', 'violet+1', 1, 'enchanted-lute', '2025-07-19 19:33:00.815544+00'),
	('0e4c7de3-dbec-44d4-80ec-be20eca84cd8', 'aurora', 'violet+1', 2, 'branch-of-the-world-tree', '2025-07-19 19:33:00.815544+00'),
	('ee3d7a06-b43d-4306-916b-d6e30b00947c', 'aurora', 'violet+1', 3, 'prince-of-thieves-armor', '2025-07-19 19:33:00.815544+00'),
	('13bad649-624c-410e-9d84-446890c8a78e', 'aurora', 'violet+1', 4, 'flaming-heart', '2025-07-19 19:33:00.815544+00'),
	('e2bbbf91-b92c-411b-9767-e1bbe2874597', 'aurora', 'violet+1', 5, 'funeral-totem', '2025-07-19 19:33:00.815544+00'),
	('6bc7ef15-84b9-4d3a-90de-a821e99a9cd8', 'aurora', 'violet+1', 6, 'book-of-tales', '2025-07-19 19:33:00.815544+00'),
	('5551e43b-4eb9-493a-8525-c5b4ba09d81e', 'aurora', 'violet+2', 1, 'voodoo-staff', '2025-07-19 19:33:00.815544+00'),
	('8fc43cee-15c4-4d93-93af-b979f8c81207', 'aurora', 'violet+2', 2, 'voodoo-staff', '2025-07-19 19:33:00.815544+00'),
	('d60d7f36-ffec-4685-8dbb-b999dfed3982', 'aurora', 'violet+2', 3, 'hand-of-midas', '2025-07-19 19:33:00.815544+00'),
	('f0593f64-6661-424d-837a-74b8b74cfd58', 'aurora', 'violet+2', 4, 'primordial-word', '2025-07-19 19:33:00.815544+00'),
	('a93d7706-02a5-42cf-9415-e686fbf377c4', 'aurora', 'violet+2', 5, 'trine', '2025-07-19 19:33:00.815544+00'),
	('7b3ad2cf-d202-469d-b99f-ffabcf78365d', 'aurora', 'violet+2', 6, 'book-of-prophecies', '2025-07-19 19:33:00.815544+00'),
	('96e57b94-a0b7-4b57-b066-9a61058630ec', 'aurora', 'violet+3', 1, 'voodoo-staff', '2025-07-19 19:33:00.815544+00'),
	('5515ea26-9473-4abe-b017-87e21b16a2a6', 'aurora', 'violet+3', 2, 'globus-cruciger', '2025-07-19 19:33:00.815544+00'),
	('f34e0de2-6edf-4c37-b625-942f51a80329', 'aurora', 'violet+3', 3, 'primordial-word', '2025-07-19 19:33:00.815544+00'),
	('042af3b2-74af-46b5-9a66-ac017c6ba16a', 'aurora', 'violet+3', 4, 'elephant-guard', '2025-07-19 19:33:00.815544+00'),
	('44adc34f-695e-479a-8ffb-354ee7f8c9c6', 'aurora', 'violet+3', 5, 'book-of-prophecies', '2025-07-19 19:33:00.815544+00'),
	('c6eec6e5-60d2-47b5-a160-7f6c7ad3215f', 'aurora', 'violet+3', 6, 'cosmic-tremor', '2025-07-19 19:33:00.815544+00'),
	('66049e76-1932-41b2-84f2-19905d9f8440', 'aurora', 'orange', 1, 'trine', '2025-07-19 19:33:00.815544+00'),
	('dcc0132a-b9ee-4390-9706-5cb917919fe1', 'aurora', 'orange', 2, 'all-seer', '2025-07-19 19:33:00.815544+00'),
	('5000dff5-77c0-4866-a98a-ca8cc61ba5c3', 'aurora', 'orange', 3, 'executioners-sword', '2025-07-19 19:33:00.815544+00'),
	('d16d4ada-3901-4453-acb9-fa2ad541b56a', 'aurora', 'orange', 4, 'book-of-prophecies', '2025-07-19 19:33:00.815544+00'),
	('e28bb481-d07a-489a-b330-d17272849e96', 'aurora', 'orange', 5, 'harunian-helm', '2025-07-19 19:33:00.815544+00'),
	('95feee91-78d0-45c8-936c-a3cbb01d1be0', 'aurora', 'orange', 6, 'enchanted-chain', '2025-07-19 19:33:00.815544+00'),
	('a387ff6c-e1e3-41b2-839c-0931194c0ec4', 'aurora', 'orange+1', 1, 'elephant-guard', '2025-07-19 19:33:00.815544+00'),
	('1c91f78f-7ed9-40bb-aa89-3c7f76ff551c', 'aurora', 'orange+1', 2, 'trine', '2025-07-19 19:33:00.815544+00'),
	('8a0d2430-5bab-4174-bae0-469ff65cacb1', 'aurora', 'orange+1', 3, 'book-of-prophecies', '2025-07-19 19:33:00.815544+00'),
	('ff5ff153-898a-41cd-864c-befdf27c26ac', 'aurora', 'orange+1', 4, 'harunian-helm', '2025-07-19 19:33:00.815544+00'),
	('5d066564-f28f-4ab9-838a-0d72a16a8fd3', 'aurora', 'orange+1', 5, 'thieves-guild-sign', '2025-07-19 19:33:00.815544+00'),
	('c0185719-fd28-4327-ac2a-3866895d4e08', 'aurora', 'orange+1', 6, 'staff-of-neutralization', '2025-07-19 19:33:00.815544+00'),
	('a8ce991d-1ef2-4c48-a6d7-ab4cbd5d5082', 'aurora', 'orange+2', 1, 'talisman', '2025-07-19 19:33:00.815544+00'),
	('ac81bee6-d053-4bb1-800d-df850b5be30e', 'aurora', 'orange+2', 2, 'executioners-sword', '2025-07-19 19:33:00.815544+00'),
	('399dcd8c-5f35-487f-a725-b717783b19ec', 'aurora', 'orange+2', 3, 'enchanted-chain', '2025-07-19 19:33:00.815544+00'),
	('06e1c1d0-bf54-427a-9f81-77781602071d', 'aurora', 'orange+2', 4, 'la-morts-map', '2025-07-19 19:33:00.815544+00'),
	('4598a689-5c52-4979-9730-e3b4c66d20ea', 'aurora', 'orange+2', 5, 'tricksters-cane', '2025-07-19 19:33:00.815544+00'),
	('ccb5069c-c087-4dad-9ab0-0c4a583a200a', 'aurora', 'orange+2', 6, 'radiant-armor', '2025-07-19 19:33:00.815544+00'),
	('1cda7b10-ee37-4bc1-9478-8ef36508295f', 'aurora', 'orange+3', 1, 'talisman', '2025-07-19 19:33:00.815544+00'),
	('5a86a151-97aa-45d0-8b75-48b55f4aba08', 'aurora', 'orange+3', 2, 'executioners-sword', '2025-07-19 19:33:00.815544+00'),
	('df89d476-a90b-4844-b013-ed1a1170b1dc', 'aurora', 'orange+3', 3, 'enchanted-chain', '2025-07-19 19:33:00.815544+00'),
	('8bfcbaf6-996a-4e2a-9516-af149631904f', 'aurora', 'orange+3', 4, 'tricksters-cane', '2025-07-19 19:33:00.815544+00'),
	('ed57ef2d-0739-4ec6-8483-a18d929b1e5c', 'aurora', 'orange+3', 5, 'oracles-censer', '2025-07-19 19:33:00.815544+00'),
	('1c0ff8ec-6c58-43b3-a0ad-3cf7687c770d', 'aurora', 'orange+3', 6, 'oppressors-crown', '2025-07-19 19:33:00.815544+00'),
	('dc952e6b-7fc1-4089-af82-f253f9634d96', 'aurora', 'orange+4', 1, 'executioners-sword', '2025-07-19 19:33:00.815544+00'),
	('6727d2e8-8084-4494-92ed-6e522498ef68', 'aurora', 'orange+4', 2, 'apostles-mace', '2025-07-19 19:33:00.815544+00'),
	('6dd8ca3f-e3d4-450f-8629-604d486b6ead', 'aurora', 'orange+4', 3, 'tricksters-cane', '2025-07-19 19:33:00.815544+00'),
	('511d33c9-7549-4683-9a7f-6bc2b7ace71f', 'aurora', 'orange+4', 4, 'staff-of-neutralization', '2025-07-19 19:33:00.815544+00'),
	('21c7a3ff-8f2d-479a-80f0-8771c7469bf2', 'aurora', 'orange+4', 5, 'oppressors-crown', '2025-07-19 19:33:00.815544+00'),
	('4d041beb-c12c-4035-8faa-6180244b235b', 'aurora', 'orange+4', 6, 'evil-genius-cuirass', '2025-07-19 19:33:00.815544+00'),
	('0e4ba0b8-c417-472d-8a67-d34700cc59d1', 'chabba', 'white', 1, 'orcish-knuckles', '2025-07-19 19:33:00.879666+00'),
	('195a78c0-f466-46a5-95f0-e5315e04a7f2', 'chabba', 'white', 2, 'wooden-shield', '2025-07-19 19:33:00.879666+00'),
	('f2b824f4-1df5-426e-9e95-b2e3bf07ee73', 'chabba', 'white', 3, 'travellers-shoes', '2025-07-19 19:33:00.879666+00'),
	('6a46902c-de8c-4d31-9551-09266cd2941b', 'chabba', 'white', 4, 'steel-pauldron', '2025-07-19 19:33:00.879666+00'),
	('89ff8604-b6b8-4d5c-b88f-fc39246c35ee', 'chabba', 'white', 5, 'lucky-dice', '2025-07-19 19:33:00.879666+00'),
	('e8320405-3487-4ca1-afc9-7cd06de5e0c7', 'chabba', 'white', 6, 'dagger', '2025-07-19 19:33:00.879666+00'),
	('efcaf8d8-8f99-4050-80a1-bc5be10976b7', 'chabba', 'green', 1, 'imperial-shield', '2025-07-19 19:33:00.879666+00'),
	('46d70d90-5f9c-4f55-b78d-e9ec6bdbe4fb', 'chabba', 'green', 2, 'orcish-yatagan', '2025-07-19 19:33:00.879666+00'),
	('11739344-a15f-4c37-a4e0-e0d5be17d213', 'chabba', 'green', 3, 'sledgehammer', '2025-07-19 19:33:00.879666+00'),
	('746905b0-cff2-4483-a3b6-fbd3584b69f0', 'chabba', 'green', 4, 'orcish-hammer', '2025-07-19 19:33:00.879666+00'),
	('672324fb-1655-4276-b20e-ce68df694cf5', 'chabba', 'green', 5, 'fire-sword', '2025-07-19 19:33:00.879666+00'),
	('db8330f6-c29d-468a-bb7c-6c66b9691dd7', 'chabba', 'green', 6, 'cains-seal', '2025-07-19 19:33:00.879666+00'),
	('afed29ba-d3d8-4c70-9f48-1daa0c409e23', 'chabba', 'green+1', 1, 'orcish-hammer', '2025-07-19 19:33:00.879666+00'),
	('af3fe571-5177-4942-b478-831af9e8a2ef', 'chabba', 'green+1', 2, 'orcish-hammer', '2025-07-19 19:33:00.879666+00'),
	('745b1404-7cd4-41a9-9d16-9fc1f0f0d64d', 'chabba', 'green+1', 3, 'fire-sword', '2025-07-19 19:33:00.879666+00'),
	('42336f76-2b59-48ee-a47b-5821143f1737', 'chabba', 'green+1', 4, 'cains-seal', '2025-07-19 19:33:00.879666+00'),
	('e41acbab-e176-410e-bff6-5ae1a040e447', 'chabba', 'green+1', 5, 'wall-breaker', '2025-07-19 19:33:00.879666+00'),
	('efa0ae85-0416-4dad-ba4a-daff0e1f114e', 'chabba', 'green+1', 6, 'guardians-shield', '2025-07-19 19:33:00.879666+00'),
	('8ff6b33b-b5cc-4126-8b9a-04336ff3f245', 'chabba', 'blue', 1, 'branch-of-antiaris', '2025-07-19 19:33:00.879666+00'),
	('b1ec907a-6416-4635-8faf-425ae319dacd', 'chabba', 'blue', 2, 'wall-breaker', '2025-07-19 19:33:00.879666+00'),
	('991085e4-f953-4f90-a679-96db78f0d7fb', 'chabba', 'blue', 3, 'screaming-blade', '2025-07-19 19:33:00.879666+00'),
	('e28170a8-0ba6-4e37-8f17-32a39ad10c55', 'chabba', 'blue', 4, 'brothers', '2025-07-19 19:33:00.879666+00'),
	('1250af29-95ec-4457-9557-68dc11f33b7a', 'chabba', 'blue', 5, 'wyverns-heart', '2025-07-19 19:33:00.879666+00'),
	('26197bde-71f6-42f7-bf91-ec896c7bd978', 'chabba', 'blue', 6, 'enchanted-lute', '2025-07-19 19:33:00.879666+00'),
	('d2598367-271d-4fec-b063-d58bef84ddba', 'chabba', 'blue+1', 1, 'branch-of-antiaris', '2025-07-19 19:33:00.879666+00'),
	('be4106e9-65fe-4d93-aa7b-6ff0635b3d85', 'chabba', 'blue+1', 2, 'shining-armor', '2025-07-19 19:33:00.879666+00'),
	('ff1c73a5-1a91-46fe-9da6-c441d03e5260', 'chabba', 'blue+1', 3, 'wall-breaker', '2025-07-19 19:33:00.879666+00'),
	('5b9f1bff-8a23-49e4-b492-2e78ca6b7436', 'chabba', 'blue+1', 4, 'needle', '2025-07-19 19:33:00.879666+00'),
	('638fdbbb-3e96-4e8f-a695-1eea29fd6244', 'chabba', 'blue+1', 5, 'enchanted-lute', '2025-07-19 19:33:00.879666+00'),
	('39a4780c-fdc5-48ef-9308-b21ef5e99861', 'chabba', 'blue+1', 6, 'trackers-shield', '2025-07-19 19:33:00.879666+00'),
	('b8be9ff6-8ef1-4872-bd2f-129619b168de', 'chabba', 'blue+2', 1, 'branch-of-antiaris', '2025-07-19 19:33:00.879666+00'),
	('b7c6b320-a0a8-481b-b766-ccf1e9ca7b98', 'chabba', 'blue+2', 2, 'shining-armor', '2025-07-19 19:33:00.879666+00'),
	('b5a8809f-0a71-4357-8f53-348be712248b', 'chabba', 'blue+2', 3, 'wyverns-heart', '2025-07-19 19:33:00.879666+00'),
	('6396f707-1dae-43b0-b1b3-04a11ac2ce63', 'chabba', 'blue+2', 4, 'needle', '2025-07-19 19:33:00.879666+00'),
	('74136843-10eb-418f-9f2b-75ac753a1f0d', 'chabba', 'blue+2', 5, 'thunderfoot-boots', '2025-07-19 19:33:00.879666+00'),
	('6ad517dc-8c78-4aa4-89c1-6e16f53d7f7b', 'chabba', 'blue+2', 6, 'prince-of-thieves-armor', '2025-07-19 19:33:00.879666+00'),
	('4467e425-1bf1-4364-9ecb-166ad809ac6b', 'chabba', 'violet', 1, 'storm-hammer', '2025-07-19 19:33:00.879666+00'),
	('fc115a02-41a0-4642-8214-cc0758d42241', 'chabba', 'violet', 2, 'dark-grail', '2025-07-19 19:33:00.879666+00'),
	('e5d04391-a3c6-4082-b228-5663e34bd1ac', 'chabba', 'violet', 3, 'thunderfoot-boots', '2025-07-19 19:33:00.879666+00'),
	('b42cd738-74ca-4f45-bb1d-61e0fc39ba98', 'chabba', 'violet', 4, 'hand-of-midas', '2025-07-19 19:33:00.879666+00'),
	('49759276-9ff2-456d-aacc-090b3b618b7a', 'chabba', 'violet', 5, 'giant-slayer', '2025-07-19 19:33:00.879666+00'),
	('b3184b29-d2f0-4461-8234-4f14166114a1', 'chabba', 'violet', 6, 'minotaurs-head', '2025-07-19 19:33:00.879666+00'),
	('323fbff0-2d41-46ba-b291-1bf75cda58bf', 'chabba', 'violet+1', 1, 'sirens-song', '2025-07-19 19:33:00.879666+00'),
	('b2912b6a-cdd5-42d9-b2ce-44ab4f6ce7ba', 'chabba', 'violet+1', 2, 'thunderfoot-boots', '2025-07-19 19:33:00.879666+00'),
	('47ce4f6d-c6c0-4bea-acc2-c0b69910cfb9', 'chabba', 'violet+1', 3, 'hand-of-midas', '2025-07-19 19:33:00.879666+00'),
	('7419ada9-94cc-4909-9b92-71aa9ac6571d', 'chabba', 'violet+1', 4, 'prince-of-thieves-armor', '2025-07-19 19:33:00.879666+00'),
	('ac60c2e7-40a6-43be-8f0a-a5bfc39112f0', 'chabba', 'violet+1', 5, 'giant-slayer', '2025-07-19 19:33:00.879666+00'),
	('2dd15157-44df-4ed3-9270-8d2e24c6fa63', 'chabba', 'violet+1', 6, 'lion-helmet', '2025-07-19 19:33:00.879666+00'),
	('8bbb6c7f-6f56-4b8e-8e1b-acd3a785c5e4', 'chabba', 'violet+2', 1, 'dark-grail', '2025-07-19 19:33:00.879666+00'),
	('2bbb2585-1e38-4036-a2d4-98536cab59e9', 'chabba', 'violet+2', 2, 'trackers-shield', '2025-07-19 19:33:00.879666+00'),
	('9534deb6-9e4d-45bb-bb9a-8c21c0a5e607', 'chabba', 'violet+2', 3, 'trackers-shield', '2025-07-19 19:33:00.879666+00'),
	('b5de054b-73c6-4289-beb0-8971f8ea37fc', 'chabba', 'violet+2', 4, 'hand-of-midas', '2025-07-19 19:33:00.879666+00'),
	('9d4a9072-b5e2-493b-846d-b4f780aac666', 'chabba', 'violet+2', 5, 'world-tremor', '2025-07-19 19:33:00.879666+00'),
	('829c2f3d-8401-4740-bffe-15f175a57107', 'chabba', 'violet+2', 6, 'angels-mace', '2025-07-19 19:33:00.879666+00'),
	('624b05f9-2712-4191-b89a-844ba0568bb0', 'chabba', 'violet+3', 1, 'prince-of-thieves-armor', '2025-07-19 19:33:00.879666+00'),
	('cb405f99-0f5c-4a2b-8ede-fdf5ccf541cb', 'chabba', 'violet+3', 2, 'trackers-shield', '2025-07-19 19:33:00.879666+00'),
	('97d989e7-a0fc-41d1-bb51-c53e67d3194a', 'chabba', 'violet+3', 3, 'world-tremor', '2025-07-19 19:33:00.879666+00'),
	('2fc9d7af-d04a-4e4b-ad7c-6b8fe7cc00f5', 'chabba', 'violet+3', 4, 'flaming-heart', '2025-07-19 19:33:00.879666+00'),
	('baef9427-6dba-4933-bc9e-e0476ce6b26d', 'chabba', 'violet+3', 5, 'lion-helmet', '2025-07-19 19:33:00.879666+00'),
	('e0695b17-485b-45ee-af2d-e7d669c8ca6e', 'chabba', 'violet+3', 6, 'archangels-mace', '2025-07-19 19:33:00.879666+00'),
	('4fc05af2-9d8d-42a1-bee8-289466556111', 'chabba', 'orange', 1, 'executioners-sword', '2025-07-19 19:33:00.879666+00'),
	('bfa71b69-f867-4bb0-9057-92833becdb90', 'chabba', 'orange', 2, 'lion-helmet', '2025-07-19 19:33:00.879666+00'),
	('7a5493cd-0e28-4526-9928-fcbc39fbbe84', 'chabba', 'orange', 3, 'world-tremor', '2025-07-19 19:33:00.879666+00'),
	('c6caac6e-f91f-4b04-bc91-772e27dfed28', 'chabba', 'orange', 4, 'angels-mace', '2025-07-19 19:33:00.879666+00'),
	('e4541c90-85ed-4956-b40b-4c12b200d724', 'chabba', 'orange', 5, 'alchemists-set', '2025-07-19 19:33:00.879666+00'),
	('6243d847-6506-41ed-9428-c1b41dba3c1a', 'chabba', 'orange', 6, 'harunian-helm', '2025-07-19 19:33:00.879666+00'),
	('32c8318e-4e2c-471f-9247-602c6e6f3f89', 'chabba', 'orange+1', 1, 'flaming-heart', '2025-07-19 19:33:00.879666+00'),
	('6a558f8c-389a-4e9f-b116-b64fc03c2982', 'chabba', 'orange+1', 2, 'executioners-sword', '2025-07-19 19:33:00.879666+00'),
	('c1ed6ca8-52e9-4933-8572-bf639e5f2232', 'chabba', 'orange+1', 3, 'angels-mace', '2025-07-19 19:33:00.879666+00'),
	('56b54e8e-5e73-4969-bc26-52512eb5aee7', 'chabba', 'orange+1', 4, 'harunian-helm', '2025-07-19 19:33:00.879666+00'),
	('09c01c00-e03a-4091-aa93-07f9562e6f35', 'chabba', 'orange+1', 5, 'riversars-tiara', '2025-07-19 19:33:00.879666+00'),
	('915ee66f-dc49-49d7-a9d6-145f5be458ad', 'chabba', 'orange+1', 6, 'alucards-amulet', '2025-07-19 19:33:00.879666+00'),
	('2c8d2d4c-266e-431a-96e9-6faa2863a4d8', 'chabba', 'orange+2', 1, 'trine', '2025-07-19 19:33:00.879666+00'),
	('912174b0-0b28-4dad-b49d-aa540ceea3cf', 'chabba', 'orange+2', 2, 'governor', '2025-07-19 19:33:00.879666+00'),
	('d4a54d16-dfb0-4167-863c-e638309b4208', 'chabba', 'orange+2', 3, 'alchemists-set', '2025-07-19 19:33:00.879666+00'),
	('7401d6f5-63ba-499f-8024-fef11ab8ce44', 'chabba', 'orange+2', 4, 'asklepius-staff', '2025-07-19 19:33:00.879666+00'),
	('2f3b0c9a-f1f2-4f0a-96dc-3bcddf19ba55', 'chabba', 'orange+2', 5, 'asklepius-staff', '2025-07-19 19:33:00.879666+00'),
	('e8b4f688-392f-4ab2-acc7-5b3f53b2b335', 'chabba', 'orange+2', 6, 'shining-armor', '2025-07-19 19:33:00.879666+00'),
	('10418439-43f8-44d9-bb49-fd10538b4930', 'chabba', 'orange+3', 1, 'lion-helmet', '2025-07-19 19:33:00.879666+00'),
	('a26b135e-8f14-4e59-b6af-888d129d2fbc', 'chabba', 'orange+3', 2, 'archangels-mace', '2025-07-19 19:33:00.879666+00'),
	('714d869b-d2b9-4a8f-9e13-a488a8acf833', 'chabba', 'orange+3', 3, 'alucards-amulet', '2025-07-19 19:33:00.879666+00'),
	('083502e7-69dc-4be3-a4ec-8e5ebd9eac53', 'chabba', 'orange+3', 4, 'asklepius-staff', '2025-07-19 19:33:00.879666+00'),
	('9a89d78d-66fa-487e-9d26-ac71e003e6d5', 'chabba', 'orange+3', 5, 'lycanthropes-fang', '2025-07-19 19:33:00.879666+00'),
	('836c2c47-b16c-42b9-ac2a-7c64f678d0c4', 'chabba', 'orange+3', 6, 'unity-of-extremes', '2025-07-19 19:33:00.879666+00'),
	('f5fca014-7b7f-4253-bb65-682bc8be9054', 'chabba', 'orange+4', 1, 'angels-mace', '2025-07-19 19:33:00.879666+00'),
	('08f5d926-7fca-4c8e-875f-fd18c25ee5ac', 'chabba', 'orange+4', 2, 'archangels-mace', '2025-07-19 19:33:00.879666+00'),
	('65409710-cf11-4ef4-a4a2-db2b524524b4', 'chabba', 'orange+4', 3, 'alucards-amulet', '2025-07-19 19:33:00.879666+00'),
	('90c2900c-096e-4e89-8eb9-a157a6c08a9d', 'chabba', 'orange+4', 4, 'asklepius-staff', '2025-07-19 19:33:00.879666+00'),
	('0650a490-2582-4565-9729-d6e293b0a8a7', 'chabba', 'orange+4', 5, 'alucards-amulet', '2025-07-19 19:33:00.879666+00'),
	('77573300-d973-4ddb-be46-a46c862c8c9d', 'chabba', 'orange+4', 6, 'evil-genius-cuirass', '2025-07-19 19:33:00.879666+00'),
	('88df4b2c-3596-449e-b5a7-4f810910a2dc', 'galahad', 'white', 1, 'orcish-knuckles', '2025-07-19 19:33:01.027742+00'),
	('a4d0ae04-7d95-4d01-a060-a58088e95bde', 'galahad', 'white', 2, 'wooden-shield', '2025-07-19 19:33:01.027742+00'),
	('2d854bed-041a-4c2e-8806-7e4de225a1bf', 'galahad', 'white', 3, 'steel-pauldron', '2025-07-19 19:33:01.027742+00'),
	('983a31cf-09ba-49dd-a2d3-ab4e82e85d89', 'galahad', 'white', 4, 'lucky-dice', '2025-07-19 19:33:01.027742+00'),
	('71326db0-f70e-4160-9458-4e1866895527', 'galahad', 'white', 5, 'orcish-yatagan', '2025-07-19 19:33:01.027742+00'),
	('e56cc898-23d2-45a8-8275-f285c9d13196', 'galahad', 'white', 6, 'dagger', '2025-07-19 19:33:01.027742+00'),
	('6109e1bb-60b1-4d5c-8466-f7a8dc7f00a3', 'galahad', 'green', 1, 'imperial-shield', '2025-07-19 19:33:01.027742+00'),
	('1beb3df3-7a3d-4220-9ec4-d52d604515d8', 'galahad', 'green', 2, 'lucky-dice', '2025-07-19 19:33:01.027742+00'),
	('48005f8e-93e0-486a-9871-b581f8b9f622', 'galahad', 'green', 3, 'sledgehammer', '2025-07-19 19:33:01.027742+00'),
	('819baa24-775e-4bc6-abea-48f185050082', 'galahad', 'green', 4, 'orcish-hammer', '2025-07-19 19:33:01.027742+00'),
	('57bb70a5-280b-414c-851a-f8c5b421280a', 'galahad', 'green', 5, 'cuirass', '2025-07-19 19:33:01.027742+00'),
	('e0864461-ac58-4fdc-a7f1-99f7057a0a32', 'galahad', 'green', 6, 'fire-sword', '2025-07-19 19:33:01.027742+00'),
	('bb522579-a1f6-4bc0-98b0-755ee6c65d2c', 'galahad', 'green+1', 1, 'sledgehammer', '2025-07-19 19:33:01.027742+00'),
	('7137dbf1-ae68-4f99-825b-ead3b123a817', 'galahad', 'green+1', 2, 'orcish-hammer', '2025-07-19 19:33:01.027742+00'),
	('a9635c68-efe8-4df3-8e18-e833d348d742', 'galahad', 'green+1', 3, 'cains-seal', '2025-07-19 19:33:01.027742+00'),
	('0eda4de7-8977-4565-bb73-2cea4b201e36', 'galahad', 'green+1', 4, 'fire-sword', '2025-07-19 19:33:01.027742+00'),
	('c81b0e24-4408-4c99-9fe8-8ddbb1c4e1bf', 'galahad', 'green+1', 5, 'poleaxe', '2025-07-19 19:33:01.027742+00'),
	('b3491555-03f1-4945-8b6b-fd1a9059467f', 'galahad', 'green+1', 6, 'shining-armor', '2025-07-19 19:33:01.027742+00'),
	('10ce7a0f-6782-4360-9126-625cb258bb10', 'galahad', 'blue', 1, 'branch-of-antiaris', '2025-07-19 19:33:01.027742+00'),
	('b87e50d9-508a-4eb1-8863-691835687f23', 'galahad', 'blue', 2, 'screaming-blade', '2025-07-19 19:33:01.027742+00'),
	('d7d30846-2dca-4e03-a417-df8d63ea142d', 'galahad', 'blue', 3, 'elven-armor', '2025-07-19 19:33:01.027742+00'),
	('05f055eb-3299-450e-a6c7-ecc9bcdea383', 'galahad', 'blue', 4, 'traitors-shield', '2025-07-19 19:33:01.027742+00'),
	('dd5f8546-5273-40a7-b5eb-b2f2fa0d7743', 'galahad', 'blue', 5, 'needle', '2025-07-19 19:33:01.027742+00'),
	('4ffff1c0-69ae-40cc-b8c9-9041c6327359', 'galahad', 'blue', 6, 'serenity-stone', '2025-07-19 19:33:01.027742+00'),
	('7cd9d08a-829c-42cf-8aa2-5e212fcef222', 'galahad', 'blue+1', 1, 'wall-breaker', '2025-07-19 19:33:01.027742+00'),
	('48dc87cc-82df-4758-82cb-32fcd8f242ee', 'galahad', 'blue+1', 2, 'shining-armor', '2025-07-19 19:33:01.027742+00'),
	('3744a5ad-c48e-4f8c-af0d-7d3abbae244e', 'galahad', 'blue+1', 3, 'poleaxe', '2025-07-19 19:33:01.027742+00'),
	('f6beedd9-97e4-46ba-abc1-8910e792e5f0', 'galahad', 'blue+1', 4, 'needle', '2025-07-19 19:33:01.027742+00'),
	('a8f28c71-d734-4145-b15f-79597df63b83', 'galahad', 'blue+1', 5, 'serenity-stone', '2025-07-19 19:33:01.027742+00'),
	('d325c704-00a6-418a-a9ff-530a9b68fd74', 'galahad', 'blue+1', 6, 'sacrificial-dagger', '2025-07-19 19:33:01.027742+00'),
	('af9369d3-6e43-4e1d-a1b6-bb9c1886458b', 'galahad', 'blue+2', 1, 'screaming-blade', '2025-07-19 19:33:01.027742+00'),
	('7791add9-1b04-4055-a2fb-d75f7a882176', 'galahad', 'blue+2', 2, 'poleaxe', '2025-07-19 19:33:01.027742+00'),
	('ee31f32f-41cf-4ec6-95e0-5fd3046447ca', 'galahad', 'blue+2', 3, 'needle', '2025-07-19 19:33:01.027742+00'),
	('92990103-6698-4a2f-8f75-2451163215ab', 'galahad', 'blue+2', 4, 'thunderfoot-boots', '2025-07-19 19:33:01.027742+00'),
	('f33cd658-95c2-42ce-9e23-7dea4d1d05d9', 'galahad', 'blue+2', 5, 'sacrificial-dagger', '2025-07-19 19:33:01.027742+00'),
	('dd1f5e39-28b6-4247-984c-bb5d5bf63671', 'galahad', 'blue+2', 6, 'hand-of-midas', '2025-07-19 19:33:01.027742+00'),
	('2f8233ab-0f26-47a7-9ad1-804752e4f8ba', 'galahad', 'violet', 1, 'storm-hammer', '2025-07-19 19:33:01.027742+00'),
	('90b52916-9466-4449-8a83-3d954e485ceb', 'galahad', 'violet', 2, 'dark-grail', '2025-07-19 19:33:01.027742+00'),
	('31dfc649-6b4e-4b12-8fd3-3b45cb393310', 'galahad', 'violet', 3, 'sacrificial-dagger', '2025-07-19 19:33:01.027742+00'),
	('9c0a7f61-28d5-4ca9-b952-6cd71fd804f5', 'galahad', 'violet', 4, 'prince-of-thieves-armor', '2025-07-19 19:33:01.027742+00'),
	('89e40b53-2b1b-4605-b90a-cbd9aed33b9e', 'galahad', 'violet', 5, 'giant-slayer', '2025-07-19 19:33:01.027742+00'),
	('abda0746-ffb0-4473-b86e-81ba9303cd8b', 'galahad', 'violet', 6, 'dragon-shield', '2025-07-19 19:33:01.027742+00'),
	('00bfb3ad-bd89-48f6-8694-b9f246c93993', 'galahad', 'violet+1', 1, 'dragonslayers-spear', '2025-07-19 19:33:01.027742+00'),
	('ac99b6b2-e6d7-4a67-8130-6d638e73a9e3', 'galahad', 'violet+1', 2, 'sacrificial-dagger', '2025-07-19 19:33:01.027742+00'),
	('836878c4-8724-4f6c-8c7d-a4126a7d1d23', 'galahad', 'violet+1', 3, 'prince-of-thieves-armor', '2025-07-19 19:33:01.027742+00'),
	('c915df77-5c1b-411b-8055-3a88ff2a5b03', 'galahad', 'violet+1', 4, 'dragon-shield', '2025-07-19 19:33:01.027742+00'),
	('612bdf89-4375-474d-aec7-2d1a416d6687', 'galahad', 'violet+1', 5, 'flaming-heart', '2025-07-19 19:33:01.027742+00'),
	('89110185-8b85-4569-acfe-0e4494e5a4c0', 'galahad', 'violet+1', 6, 'lion-helmet', '2025-07-19 19:33:01.027742+00'),
	('87a95539-0aeb-4c0c-914a-0d9549c9f463', 'galahad', 'violet+2', 1, 'sacrificial-dagger', '2025-07-19 19:33:01.027742+00'),
	('48f0fb6a-3eb2-42f5-8d20-32e98fffb645', 'galahad', 'violet+2', 2, 'prince-of-thieves-armor', '2025-07-19 19:33:01.027742+00'),
	('3a3e22c0-67ac-4513-9792-4a26d3c57875', 'galahad', 'violet+2', 3, 'flaming-heart', '2025-07-19 19:33:01.027742+00'),
	('fa1ece7f-d57b-4417-a2f7-ff839ba48d4a', 'galahad', 'violet+2', 4, 'apostles-mace', '2025-07-19 19:33:01.027742+00'),
	('f98b49d2-26a4-471f-a800-405f3bc93231', 'galahad', 'violet+2', 5, 'executioners-sword', '2025-07-19 19:33:01.027742+00'),
	('fc78cb4b-d770-4f8b-8856-357b21694552', 'galahad', 'violet+2', 6, 'world-tremor', '2025-07-19 19:33:01.027742+00'),
	('7a901931-6118-4d7d-a2c1-34e592042822', 'galahad', 'violet+3', 1, 'hand-of-midas', '2025-07-19 19:33:01.027742+00'),
	('bb67a1f2-e2c0-4986-9373-2b42e44fbf33', 'galahad', 'violet+3', 2, 'apostles-mace', '2025-07-19 19:33:01.027742+00'),
	('ecc0b687-66dc-4b3a-9913-6959f08c3ea6', 'galahad', 'violet+3', 3, 'executioners-sword', '2025-07-19 19:33:01.027742+00'),
	('400dbab4-1b83-47b1-b28e-3f622cd917c2', 'galahad', 'violet+3', 4, 'wasp', '2025-07-19 19:33:01.027742+00'),
	('010b68e5-9117-4019-a70f-3bfa7a559add', 'galahad', 'violet+3', 5, 'world-tremor', '2025-07-19 19:33:01.027742+00'),
	('90f00cee-75ea-4d67-b9a8-3eccd5c1fffc', 'galahad', 'violet+3', 6, 'cosmic-tremor', '2025-07-19 19:33:01.027742+00'),
	('57517a63-8210-4114-928f-09fed9b102ec', 'galahad', 'orange', 1, 'lion-helmet', '2025-07-19 19:33:01.027742+00'),
	('a152ce34-c365-4f78-8fea-4ebc9ca4915a', 'galahad', 'orange', 2, 'executioners-sword', '2025-07-19 19:33:01.027742+00'),
	('fbd637a5-37bf-4a10-8e7b-df38c5bc0eef', 'galahad', 'orange', 3, 'apostles-mace', '2025-07-19 19:33:01.027742+00'),
	('e76a0327-b8b5-4c38-b010-be12260728ba', 'galahad', 'orange', 4, 'cosmic-tremor', '2025-07-19 19:33:01.027742+00'),
	('c9fd128b-4f8a-46c8-bcfd-76217ca68737', 'galahad', 'orange', 5, 'harunian-helm', '2025-07-19 19:33:01.027742+00'),
	('a827332e-b846-4c11-aa11-c325c5fc1722', 'galahad', 'orange', 6, 'lycanthropes-fang', '2025-07-19 19:33:01.027742+00'),
	('a4f32438-c6af-48fd-b21c-ff194f1aee94', 'galahad', 'orange+1', 1, 'governor', '2025-07-19 19:33:01.027742+00'),
	('4ee69679-1761-43f7-9470-96dcde9dbf99', 'galahad', 'orange+1', 2, 'wasp', '2025-07-19 19:33:01.027742+00'),
	('fe058d14-6831-4159-b79f-19b24cd099cb', 'galahad', 'orange+1', 3, 'cosmic-tremor', '2025-07-19 19:33:01.027742+00'),
	('b20900df-c9d1-44a5-a92a-b2262f5f0eec', 'galahad', 'orange+1', 4, 'harunian-helm', '2025-07-19 19:33:01.027742+00'),
	('c1625b9d-ef15-4079-9319-56e7932bb438', 'galahad', 'orange+1', 5, 'lycanthropes-fang', '2025-07-19 19:33:01.027742+00'),
	('31b58fb7-7da4-4a4b-993a-e52b304f3ba9', 'galahad', 'orange+1', 6, 'blued-plate-armor', '2025-07-19 19:33:01.027742+00'),
	('3e496b31-07b7-4e64-8fab-822c734f1469', 'galahad', 'orange+2', 1, 'executioners-sword', '2025-07-19 19:33:01.027742+00'),
	('c1314a53-9424-4588-8c1d-7ca5a63a4b45', 'galahad', 'orange+2', 2, 'lion-helmet', '2025-07-19 19:33:01.027742+00'),
	('160b407c-6f02-4b21-93b3-724f2917a0b7', 'galahad', 'orange+2', 3, 'harunian-helm', '2025-07-19 19:33:01.027742+00'),
	('54647c70-8ba3-4d0f-a39b-bd31c5746203', 'galahad', 'orange+2', 4, 'citadel-guardian', '2025-07-19 19:33:01.027742+00'),
	('57155dba-209c-4a6b-9fbc-033c35ebbe64', 'galahad', 'orange+2', 5, 'alucards-amulet', '2025-07-19 19:33:01.027742+00'),
	('68ddd71b-3863-445c-8270-207c840306a0', 'galahad', 'orange+2', 6, 'shining-armor', '2025-07-19 19:33:01.027742+00'),
	('540d7935-2b40-40f2-9c2e-48bf7d1fe3d0', 'galahad', 'orange+3', 1, 'world-tremor', '2025-07-19 19:33:01.027742+00'),
	('e1c30a9c-00ef-4684-a9ef-d75965e30c5e', 'galahad', 'orange+3', 2, 'executioners-sword', '2025-07-19 19:33:01.027742+00'),
	('5c256483-0f04-409d-b16e-0e38bb6f569d', 'galahad', 'orange+3', 3, 'riversars-tiara', '2025-07-19 19:33:01.027742+00'),
	('861e735b-6d55-4f7c-adc7-5e2d0fce9181', 'galahad', 'orange+3', 4, 'blued-plate-armor', '2025-07-19 19:33:01.027742+00'),
	('f6bdb30f-611d-43e5-9057-863ca2b992b8', 'galahad', 'orange+3', 5, 'rulers-globus', '2025-07-19 19:33:01.027742+00'),
	('ca706145-9415-4811-b7a6-ca5f68b43f42', 'galahad', 'orange+3', 6, 'unity-of-extremes', '2025-07-19 19:33:01.027742+00'),
	('7cc3e287-ad04-42b6-bd41-fed5fe9906cc', 'galahad', 'orange+4', 1, 'executioners-sword', '2025-07-19 19:33:01.027742+00'),
	('46c58c46-7223-4960-806c-0d5fb42d0f13', 'galahad', 'orange+4', 2, 'angels-mace', '2025-07-19 19:33:01.027742+00'),
	('89a5a4fd-1123-4eae-9182-9f9198275259', 'galahad', 'orange+4', 3, 'alchemists-set', '2025-07-19 19:33:01.027742+00'),
	('3115ea95-a19b-4125-a805-c3620470a6b2', 'galahad', 'orange+4', 4, 'blued-plate-armor', '2025-07-19 19:33:01.027742+00'),
	('0f49bed3-1fa7-41e2-802f-42e205ceec7c', 'galahad', 'orange+4', 5, 'unity-of-extremes', '2025-07-19 19:33:01.027742+00'),
	('43d05577-43e3-4fbf-8b18-17913f2ad948', 'galahad', 'orange+4', 6, 'evil-genius-cuirass', '2025-07-19 19:33:01.027742+00'),
	('b77875ed-09a7-4c69-9842-ba62386c5444', 'jhu', 'white', 1, 'orcish-knuckles', '2025-07-19 19:33:01.153763+00'),
	('20e39e3c-032f-4ff5-8c9c-f79de299c7f6', 'jhu', 'white', 2, 'steel-pauldron', '2025-07-19 19:33:01.153763+00'),
	('d33c4801-bbaf-427c-8673-0c9a91953867', 'jhu', 'white', 3, 'dagger', '2025-07-19 19:33:01.153763+00'),
	('99e05239-da47-4b4f-b1b9-14766bcf90c7', 'jhu', 'white', 4, 'orcish-yatagan', '2025-07-19 19:33:01.153763+00'),
	('500f0f74-38b1-484e-80de-c661b39eba3b', 'jhu', 'white', 5, 'wooden-shield', '2025-07-19 19:33:01.153763+00'),
	('f02142ac-c22c-4761-934b-88b8c3751f68', 'jhu', 'white', 6, 'lucky-dice', '2025-07-19 19:33:01.153763+00'),
	('b4400f42-f9cd-4f32-896d-063ce2232c28', 'jhu', 'green', 1, 'guardians-shield', '2025-07-19 19:33:01.153763+00'),
	('7fc96666-ae81-4779-8b57-a0428634755a', 'jhu', 'green', 2, 'orcish-hammer', '2025-07-19 19:33:01.153763+00'),
	('15510b88-3a8d-43de-a247-07359bd2f094', 'jhu', 'green', 3, 'dagger', '2025-07-19 19:33:01.153763+00'),
	('c5511b1d-6f89-4afb-83ee-47dd1973614e', 'jhu', 'green', 4, 'fire-sword', '2025-07-19 19:33:01.153763+00'),
	('6bee7c36-e9a0-4134-9af8-043b3b6aaee6', 'jhu', 'green', 5, 'orcish-yatagan', '2025-07-19 19:33:01.153763+00'),
	('53db897b-88a3-4140-a497-541bde0318c6', 'jhu', 'green', 6, 'orcish-yatagan', '2025-07-19 19:33:01.153763+00'),
	('05ad10be-c7b3-4a08-997b-83c77343a23a', 'jhu', 'green+1', 1, 'orcish-yatagan', '2025-07-19 19:33:01.153763+00'),
	('2a56bec5-e7b9-4cf0-9460-597bb5577c31', 'jhu', 'green+1', 2, 'fire-sword', '2025-07-19 19:33:01.153763+00'),
	('8919f5f4-dc34-4271-880d-67c1d405675f', 'jhu', 'green+1', 3, 'screaming-blade', '2025-07-19 19:33:01.153763+00'),
	('de8eba62-248a-49c2-9477-5587f05ae842', 'jhu', 'green+1', 4, 'cuirass', '2025-07-19 19:33:01.153763+00'),
	('51829c14-7267-4f1f-9204-44688c7808fa', 'jhu', 'green+1', 5, 'poleaxe', '2025-07-19 19:33:01.153763+00'),
	('82201382-9c7e-4d87-b0a3-c1ae1fc51e92', 'jhu', 'green+1', 6, 'orcish-hammer', '2025-07-19 19:33:01.153763+00'),
	('914ade7c-5ce9-475f-a649-c867b77db78f', 'jhu', 'blue', 1, 'guardians-shield', '2025-07-19 19:33:01.153763+00'),
	('8d7735c0-d7bc-4664-a02a-b151098a4954', 'jhu', 'blue', 2, 'infernal-messenger', '2025-07-19 19:33:01.153763+00'),
	('1ada43d9-794f-4d87-a567-968866e8db18', 'jhu', 'blue', 3, 'cains-seal', '2025-07-19 19:33:01.153763+00'),
	('a9250f93-88f7-4bae-afc6-d091870dbad7', 'jhu', 'blue', 4, 'needle', '2025-07-19 19:33:01.153763+00'),
	('f267a3c4-b732-445f-9b9e-7b9aaebd4f44', 'jhu', 'blue', 5, 'spear-of-thunder', '2025-07-19 19:33:01.153763+00'),
	('d19d38e9-b3d9-4711-aba4-e900c9a3c37e', 'jhu', 'blue', 6, 'wall-breaker', '2025-07-19 19:33:01.153763+00'),
	('b27a1f03-0b52-4952-91e4-4afdfbb16489', 'jhu', 'blue+1', 1, 'wall-breaker', '2025-07-19 19:33:01.153763+00'),
	('204b8fbc-c362-4244-857e-58022c904097', 'jhu', 'blue+1', 2, 'needle', '2025-07-19 19:33:01.153763+00'),
	('307830e6-e3ab-4699-9997-e304fc6a4076', 'jhu', 'blue+1', 3, 'brothers', '2025-07-19 19:33:01.153763+00'),
	('ef11128b-d9f6-4888-9665-31d7270e61aa', 'jhu', 'blue+1', 4, 'serenity-stone', '2025-07-19 19:33:01.153763+00'),
	('58564a98-de4c-4220-9d5e-8fdd6c611356', 'jhu', 'blue+1', 5, 'infernal-messenger', '2025-07-19 19:33:01.153763+00'),
	('32e244c0-1040-4166-9f73-31b794726372', 'jhu', 'blue+1', 6, 'hunter', '2025-07-19 19:33:01.153763+00'),
	('215559aa-f783-44dd-bcfb-3a768ef15d9f', 'jhu', 'blue+2', 1, 'reaper', '2025-07-19 19:33:01.153763+00'),
	('ad7b1b94-5632-48da-bb7a-9232b3fb50c5', 'jhu', 'blue+2', 2, 'hunter', '2025-07-19 19:33:01.153763+00'),
	('939317a0-647f-4ec2-9647-9a0882a2c980', 'jhu', 'blue+2', 3, 'poleaxe', '2025-07-19 19:33:01.153763+00'),
	('012eaaa5-d342-4d5c-b097-bcebc84198e5', 'jhu', 'blue+2', 4, 'thunderfoot-boots', '2025-07-19 19:33:01.153763+00'),
	('63ebae72-6b1f-45c6-b0da-8031d2041bed', 'jhu', 'blue+2', 5, 'needle', '2025-07-19 19:33:01.153763+00'),
	('814abc8c-fb6f-4a42-aae8-4063d7da0a85', 'jhu', 'blue+2', 6, 'hand-of-midas', '2025-07-19 19:33:01.153763+00'),
	('30e4f048-5dce-4d0f-bda9-d77522ca6571', 'jhu', 'violet', 1, 'storm-hammer', '2025-07-19 19:33:01.153763+00'),
	('facdff58-5eba-442e-b11d-e47312346594', 'jhu', 'violet', 2, 'prince-of-thieves-armor', '2025-07-19 19:33:01.153763+00'),
	('9f34fb93-c71f-4567-b755-b5b4bf57e2ae', 'jhu', 'violet', 3, 'hunter', '2025-07-19 19:33:01.153763+00'),
	('0bf80f04-5557-4800-b69e-1a18b33fc429', 'jhu', 'violet', 4, 'giant-slayer', '2025-07-19 19:33:01.153763+00'),
	('831f1b02-8496-471a-9e06-bf56267447df', 'jhu', 'violet', 5, 'punishing-hand', '2025-07-19 19:33:01.153763+00'),
	('f54c0c85-9cb5-472e-8fe9-8f758f8ba718', 'jhu', 'violet', 6, 'dragon-shield', '2025-07-19 19:33:01.153763+00'),
	('9bcaa418-a700-496a-a4c0-8e87f579ff9e', 'jhu', 'violet+1', 1, 'giant-slayer', '2025-07-19 19:33:01.153763+00'),
	('89c995e8-8e65-4a0e-ad9f-d4a94d65181b', 'jhu', 'violet+1', 2, 'advisor', '2025-07-19 19:33:01.153763+00'),
	('ec6a7205-c11a-421e-81cb-09a9e8458fb1', 'jhu', 'violet+1', 3, 'thunderfoot-boots', '2025-07-19 19:33:01.153763+00'),
	('83aba77d-87a0-44f4-bd77-3fcbda2c64eb', 'jhu', 'violet+1', 4, 'dragon-tooth', '2025-07-19 19:33:01.153763+00'),
	('9bcfe3d8-87af-4d7c-ac39-36686dbf1eca', 'jhu', 'violet+1', 5, 'prince-of-thieves-armor', '2025-07-19 19:33:01.153763+00'),
	('4ec8f1de-fd4d-4dac-9abc-49d6bf7d8c98', 'jhu', 'violet+1', 6, 'lion-helmet', '2025-07-19 19:33:01.153763+00'),
	('9b2866d1-34c7-4263-bc5d-872cfe9b13b4', 'jhu', 'violet+2', 1, 'governor', '2025-07-19 19:33:01.153763+00'),
	('858e179f-ceac-4069-b7f0-6212924e0456', 'jhu', 'violet+2', 2, 'executioners-sword', '2025-07-19 19:33:01.153763+00'),
	('cc64556b-db8f-46ae-9d09-3cf8d4c2a747', 'jhu', 'violet+2', 3, 'sirens-song', '2025-07-19 19:33:01.153763+00'),
	('ea53fffe-4119-46e3-95c2-b5a165a0f775', 'jhu', 'violet+2', 4, 'lion-helmet', '2025-07-19 19:33:01.153763+00'),
	('2fe58e61-df32-47c6-8ea2-6313604c84db', 'jhu', 'violet+2', 5, 'dragon-tooth', '2025-07-19 19:33:01.153763+00'),
	('4e11a97f-7b2d-4a94-a6f1-da2f13e5f0df', 'jhu', 'violet+2', 6, 'world-tremor', '2025-07-19 19:33:01.153763+00'),
	('e1427158-cb86-475b-96e9-73e96d70f7e2', 'jhu', 'violet+3', 1, 'dragon-tooth', '2025-07-19 19:33:01.153763+00'),
	('49d1e728-8ee2-4570-9b88-59e4b1878b6d', 'jhu', 'violet+3', 2, 'blade-bow', '2025-07-19 19:33:01.153763+00'),
	('64100ad2-8355-49aa-85ae-fddd548ea647', 'jhu', 'violet+3', 3, 'sirens-song', '2025-07-19 19:33:01.153763+00'),
	('ac85380a-c60c-45c9-9354-bf879a6c8386', 'jhu', 'violet+3', 4, 'apostles-mace', '2025-07-19 19:33:01.153763+00'),
	('e7e8775b-348a-473d-aec1-42479387c141', 'jhu', 'violet+3', 5, 'executioners-sword', '2025-07-19 19:33:01.153763+00'),
	('db18fe02-472e-420f-bcd9-ef168ce5fa97', 'jhu', 'violet+3', 6, 'cosmic-tremor', '2025-07-19 19:33:01.153763+00'),
	('7c285248-144a-47e7-a569-524a0827c5e4', 'jhu', 'orange', 1, 'lion-helmet', '2025-07-19 19:33:01.153763+00'),
	('3ef8b5fe-f8f7-41f5-b60c-c1ae059372e4', 'jhu', 'orange', 2, 'cosmic-tremor', '2025-07-19 19:33:01.153763+00'),
	('081c4de4-0148-403a-abb0-865de04c521d', 'jhu', 'orange', 3, 'governor', '2025-07-19 19:33:01.153763+00'),
	('eb2aec7f-590d-4070-ad61-b5ddb87c906c', 'jhu', 'orange', 4, 'gro-bulgors-poleaxe', '2025-07-19 19:33:01.153763+00'),
	('e68d62fa-d89d-44d6-b6c7-8716dd4315df', 'jhu', 'orange', 5, 'executioners-sword', '2025-07-19 19:33:01.153763+00'),
	('8874e93d-a8c9-4b6d-99ca-8753b9434a67', 'jhu', 'orange', 6, 'hellion-harpoon', '2025-07-19 19:33:01.153763+00'),
	('6940fdb1-abd8-4350-9187-011de33d5e22', 'jhu', 'orange+1', 1, 'governor', '2025-07-19 19:33:01.153763+00'),
	('0f9a05fc-78e5-40aa-bd62-80720ce00dce', 'jhu', 'orange+1', 2, 'gro-bulgors-poleaxe', '2025-07-19 19:33:01.153763+00'),
	('cf505e2b-c5bd-475d-8f49-47b20e6210dc', 'jhu', 'orange+1', 3, 'lion-helmet', '2025-07-19 19:33:01.153763+00'),
	('65cac415-a6da-4eea-a43f-82f7f00a336e', 'jhu', 'orange+1', 4, 'hellion-harpoon', '2025-07-19 19:33:01.153763+00'),
	('dfc6d1d3-c1ab-47dc-b4c7-f513d76f9097', 'jhu', 'orange+1', 5, 'cosmic-tremor', '2025-07-19 19:33:01.153763+00'),
	('573a9b1d-3bdc-4d4e-8159-a78f815762fb', 'jhu', 'orange+1', 6, 'blade-of-the-immortals', '2025-07-19 19:33:01.153763+00'),
	('427b4dcd-e0d1-49ca-beff-57dd0caeef13', 'jhu', 'orange+2', 1, 'executioners-sword', '2025-07-19 19:33:01.153763+00'),
	('824e781c-531f-40fb-8956-7c966755886e', 'jhu', 'orange+2', 2, 'hellion-harpoon', '2025-07-19 19:33:01.153763+00'),
	('b6c3d2bb-1e93-4c0a-86df-d3ee8c27be8b', 'jhu', 'orange+2', 3, 'executioners-sword', '2025-07-19 19:33:01.153763+00'),
	('11e7e963-8296-4a74-9c2e-99b736f89a20', 'jhu', 'orange+2', 4, 'aquants-trident', '2025-07-19 19:33:01.153763+00'),
	('c0feb71b-8280-4071-90d8-ebc951b0d3e5', 'jhu', 'orange+2', 5, 'gro-bulgors-poleaxe', '2025-07-19 19:33:01.153763+00'),
	('cf7fe875-aadf-4713-bcaf-e204bd800dbc', 'jhu', 'orange+2', 6, 'radiant-armor', '2025-07-19 19:33:01.153763+00'),
	('3a189913-db2b-4249-b0c0-5b2b75418c63', 'jhu', 'orange+3', 1, 'governor', '2025-07-19 19:33:01.153763+00'),
	('c3f95504-5a2a-4074-b397-83ceca0d1c4f', 'jhu', 'orange+3', 2, 'harunian-helm', '2025-07-19 19:33:01.153763+00'),
	('476abe50-4653-4694-a957-188b7fdd95b8', 'jhu', 'orange+3', 3, 'world-tremor', '2025-07-19 19:33:01.153763+00'),
	('a0497803-1c1a-410f-8b74-f3fd219de695', 'jhu', 'orange+3', 4, 'rulers-globus', '2025-07-19 19:33:01.153763+00'),
	('76164ff0-b43a-4e6c-b145-e14b2588c4e9', 'jhu', 'orange+3', 5, 'harunian-helm', '2025-07-19 19:33:01.153763+00'),
	('581360ad-3705-4dcb-97fb-0c914d7b0611', 'jhu', 'orange+3', 6, 'staff-of-stubbornness', '2025-07-19 19:33:01.153763+00'),
	('8772abbd-8f42-423b-bbe6-e77a60c8cbb0', 'jhu', 'orange+4', 1, 'world-tremor', '2025-07-19 19:33:01.153763+00'),
	('382d366d-54ea-46af-a1be-b4609bbc1c82', 'jhu', 'orange+4', 2, 'blade-of-the-immortals', '2025-07-19 19:33:01.153763+00'),
	('97b425c4-675e-4879-a8e4-0ae1b465d059', 'jhu', 'orange+4', 3, 'lion-helmet', '2025-07-19 19:33:01.153763+00'),
	('ea617bc8-d853-492d-96ef-6b344156ccda', 'jhu', 'orange+4', 4, 'staff-of-stubbornness', '2025-07-19 19:33:01.153763+00'),
	('359e0719-968c-4a46-85b0-791d3b4cd634', 'jhu', 'orange+4', 5, 'alucards-amulet', '2025-07-19 19:33:01.153763+00'),
	('2721063c-ec52-4e21-a6c1-8f961386512f', 'jhu', 'orange+4', 6, 'evil-genius-cuirass', '2025-07-19 19:33:01.153763+00');


--
-- Data for Name: hero_glyph; Type: TABLE DATA; Schema: public; Owner: postgres
--

INSERT INTO "public"."hero_glyph" ("id", "hero_slug", "position", "stat_type", "stat_value", "created_at") VALUES
	('cc7ba8fb-a554-4f52-8527-8a4baa3663c3', 'aidan', 1, 'magic attack', 0, '2025-07-19 19:33:00.653533+00'),
	('098c5b49-e0a8-4599-bf89-7a90a891a209', 'aidan', 2, 'armor', 0, '2025-07-19 19:33:00.653533+00'),
	('cc53374e-de57-402a-af4a-f74fc67056dc', 'aidan', 3, 'magic defense', 0, '2025-07-19 19:33:00.653533+00'),
	('0ec9424c-ef2d-4bb7-9e11-493c07e589bf', 'aidan', 4, 'health', 0, '2025-07-19 19:33:00.653533+00'),
	('274df0c2-e720-420d-a8dc-f5ca93dcbd03', 'aidan', 5, 'intelligence', 0, '2025-07-19 19:33:00.653533+00'),
	('e63cd24c-3e90-4250-bcd5-005e35b63cc8', 'alvanor', 1, 'magic attack', 0, '2025-07-19 19:33:00.69592+00'),
	('df23e147-6aa7-49ef-83f9-47bb8e506940', 'alvanor', 2, 'health', 0, '2025-07-19 19:33:00.69592+00'),
	('a3ff1654-95aa-496a-bd8f-64f3763680a9', 'alvanor', 3, 'magic penetration', 0, '2025-07-19 19:33:00.69592+00'),
	('569617c8-56e5-4073-914e-384c7dfdcbd2', 'alvanor', 4, 'magic defense', 0, '2025-07-19 19:33:00.69592+00'),
	('4f78ff6d-d2bb-4b75-bfad-dff2690e14b1', 'alvanor', 5, 'intelligence', 0, '2025-07-19 19:33:00.69592+00'),
	('4758d5a7-2652-4fe7-88e9-3dd2c92cbde8', 'astaroth', 1, 'magic attack', 0, '2025-07-19 19:33:00.756843+00'),
	('b882d05e-9a4e-4ea5-a69c-5279c4306f83', 'astaroth', 2, 'armor', 0, '2025-07-19 19:33:00.756843+00'),
	('657f2a40-356d-4cce-9eeb-a6abbd81f9f9', 'astaroth', 3, 'health', 0, '2025-07-19 19:33:00.756843+00'),
	('3801513c-0e99-4c50-8ca5-cbabdde450b4', 'astaroth', 4, 'magic defense', 0, '2025-07-19 19:33:00.756843+00'),
	('a179af4f-95a3-4362-8268-c6d30a743b87', 'astaroth', 5, 'strength', 0, '2025-07-19 19:33:00.756843+00'),
	('9c59f223-0b02-4a05-be53-23384bbe2752', 'aurora', 1, 'magic attack', 0, '2025-07-19 19:33:00.808015+00'),
	('8fd20063-0e93-4c14-ae5e-704d4a5c3d09', 'aurora', 2, 'health', 0, '2025-07-19 19:33:00.808015+00'),
	('8532814a-69fb-4c9e-9404-c7d0304dde0f', 'aurora', 3, 'magic penetration', 0, '2025-07-19 19:33:00.808015+00'),
	('eae526d9-6a56-4993-afd1-8a2f428eb709', 'aurora', 4, 'dodge', 0, '2025-07-19 19:33:00.808015+00'),
	('885ed7f4-6ee0-4bdb-b6c9-0d3b4a64dc74', 'aurora', 5, 'strength', 0, '2025-07-19 19:33:00.808015+00'),
	('e9f5796b-179c-4e44-973d-dbdf7e89fc2b', 'chabba', 1, 'physical attack', 0, '2025-07-19 19:33:00.871205+00'),
	('3db06bc6-1d69-48d9-99a3-9a4bc7c54532', 'chabba', 2, 'armor', 0, '2025-07-19 19:33:00.871205+00'),
	('6cc209c4-c365-4585-a73a-c55fd8a11d35', 'chabba', 3, 'magic defense', 0, '2025-07-19 19:33:00.871205+00'),
	('6d8b8d45-7230-430f-b752-f54562184d7f', 'chabba', 4, 'health', 0, '2025-07-19 19:33:00.871205+00'),
	('6e87944e-8fcd-4295-9202-5a073b229ce3', 'chabba', 5, 'strength', 0, '2025-07-19 19:33:00.871205+00'),
	('e6c89b53-b12f-4005-9f8c-0afce57705fd', 'galahad', 1, 'physical attack', 0, '2025-07-19 19:33:01.019362+00'),
	('e6e7c3b6-874c-4201-9adc-6244aeb17083', 'galahad', 2, 'armor', 0, '2025-07-19 19:33:01.019362+00'),
	('17004260-fc04-48b2-8cc5-7332547732e3', 'galahad', 3, 'health', 0, '2025-07-19 19:33:01.019362+00'),
	('f9e1e0c7-8d13-48b0-8ffe-fa94f900ca80', 'galahad', 4, 'magic defense', 0, '2025-07-19 19:33:01.019362+00'),
	('817e789a-e45c-4707-a4ba-02379fbf037f', 'galahad', 5, 'strength', 0, '2025-07-19 19:33:01.019362+00'),
	('1d0710e3-87dc-47ed-ae69-c97b02eecdb9', 'iris', 1, 'magic attack', 0, '2025-07-19 19:33:01.094583+00'),
	('8fa538ee-db96-46e5-89ba-297802102d99', 'iris', 2, 'health', 0, '2025-07-19 19:33:01.094583+00'),
	('ad619ef0-1370-4f5f-8428-f2bfa47c96e8', 'iris', 3, 'magic penetration', 0, '2025-07-19 19:33:01.094583+00'),
	('fdb90041-a27e-4b46-a5e2-09556aeb18ad', 'iris', 4, 'magic defense', 0, '2025-07-19 19:33:01.094583+00'),
	('81f8e7c1-f318-4214-a6d3-5f56ca7024a8', 'iris', 5, 'intelligence', 0, '2025-07-19 19:33:01.094583+00'),
	('d73bbf16-e0db-498e-9af6-e0c6ac2abaf0', 'jhu', 1, 'physical attack', 0, '2025-07-19 19:33:01.147805+00'),
	('f68c3763-eecb-4470-966d-0d76894ef28d', 'jhu', 2, 'health', 0, '2025-07-19 19:33:01.147805+00'),
	('068c3459-9990-4592-9dcf-53e7990b0e9d', 'jhu', 3, 'armor penetration', 0, '2025-07-19 19:33:01.147805+00'),
	('6444caeb-cad4-490e-85f9-7abfa0bdf906', 'jhu', 4, 'crit hit chance', 0, '2025-07-19 19:33:01.147805+00'),
	('254bc4c4-2ff4-4166-9083-191b36ae1ed4', 'jhu', 5, 'strength', 0, '2025-07-19 19:33:01.147805+00');


--
-- Data for Name: hero_skin; Type: TABLE DATA; Schema: public; Owner: postgres
--

INSERT INTO "public"."hero_skin" ("id", "hero_slug", "name", "stat_type", "stat_value", "has_plus", "source", "created_at") VALUES
	('998f9140-cc37-418c-819d-a5cdaf1761a9', 'aidan', 'Default Skin', 'intelligence', 0, false, NULL, '2025-07-19 19:33:00.644988+00'),
	('7a14bfb7-9f85-43cb-baea-eec40bc19496', 'aidan', 'Solar Skin', 'magic attack', 0, false, NULL, '2025-07-19 19:33:00.644988+00'),
	('2ed4c5bd-0ed7-48ae-bd6a-ac7e4b657a88', 'aidan', 'Celestial Skin', 'health', 0, false, NULL, '2025-07-19 19:33:00.644988+00'),
	('47f051bd-bb04-41a1-96bd-db9d45643a86', 'alvanor', 'Default Skin', 'intelligence', 0, false, NULL, '2025-07-19 19:33:00.686252+00'),
	('8601f0e0-5d03-41d8-9d53-54bc4e4ee5bd', 'alvanor', 'Spring Skin', 'magic attack', 0, false, NULL, '2025-07-19 19:33:00.686252+00'),
	('e762801d-be1e-4472-98e5-fc62f4bfd24b', 'alvanor', 'Lunar Skin', 'armor', 0, false, NULL, '2025-07-19 19:33:00.686252+00'),
	('d0a73c2a-1a58-4357-8d54-daac66eb96e3', 'alvanor', 'Winter Skin', 'health', 0, false, NULL, '2025-07-19 19:33:00.686252+00'),
	('5afd685e-43c8-46db-9c44-d82d9aba5ac7', 'alvanor', 'Dark Depths Skin', 'magic penetration', 0, true, NULL, '2025-07-19 19:33:00.686252+00'),
	('96bf7cea-85d6-4eb4-bc42-42a012f25558', 'astaroth', 'Default Skin', 'strength', 0, false, NULL, '2025-07-19 19:33:00.74784+00'),
	('7cf70bb6-f6d1-4f1a-9283-cce8d0b03971', 'astaroth', 'Demonic Skin', 'magic attack', 0, false, NULL, '2025-07-19 19:33:00.74784+00'),
	('3fb6d3da-a71b-461d-8df0-bfd2c3966c43', 'astaroth', 'Barbarian Skin', 'armor', 0, false, NULL, '2025-07-19 19:33:00.74784+00'),
	('81c7fe8a-6b93-4cfd-b55b-866a7b148b6a', 'astaroth', 'Lunar Skin', 'magic defense', 0, false, NULL, '2025-07-19 19:33:00.74784+00'),
	('87888a35-67b4-4daf-b493-f4bb2195f437', 'astaroth', 'Cybernetic Skin', 'health', 0, false, NULL, '2025-07-19 19:33:00.74784+00'),
	('e99247d8-4845-4093-a01d-df57e3680c55', 'astaroth', 'Thunder Skin', 'health', 0, true, NULL, '2025-07-19 19:33:00.74784+00'),
	('e91e6755-4eb1-4b81-9f22-c3ba453a4179', 'aurora', 'Default Skin', 'strength', 0, false, 'Default', '2025-07-19 19:33:00.800205+00'),
	('4c13fe9d-c83b-43a0-b0a4-6b902701693d', 'aurora', 'Nordic Skin', 'dodge', 0, false, NULL, '2025-07-19 19:33:00.800205+00'),
	('2f427684-8c22-4f0a-b3c6-52d5ecb0384f', 'aurora', 'Spring Skin', 'health', 0, false, NULL, '2025-07-19 19:33:00.800205+00'),
	('1976bcc9-2a28-42b0-ba89-fc7adfaa6edd', 'aurora', 'Demonic Skin', 'armor', 0, false, NULL, '2025-07-19 19:33:00.800205+00'),
	('9afc69a1-62ce-4910-88fc-5c11687b9d70', 'aurora', 'Romantic Skin', 'magic penetration', 0, false, NULL, '2025-07-19 19:33:00.800205+00'),
	('aa9c7ea1-3e11-4ef3-9d7c-7525802d501d', 'aurora', 'Thunder Skin', 'health', 0, false, NULL, '2025-07-19 19:33:00.800205+00'),
	('0a516aff-e254-4c9b-bcf4-693f442e6f89', 'chabba', 'Default Skin', 'strength', 0, false, NULL, '2025-07-19 19:33:00.862617+00'),
	('6c0c4809-a373-47d6-babe-f18e11774f15', 'chabba', 'Demonic Skin', 'physical attack', 0, false, NULL, '2025-07-19 19:33:00.862617+00'),
	('600978c0-7ca5-4626-bc8d-c8cf43ea4ed9', 'chabba', 'Winter Skin', 'armor', 0, false, NULL, '2025-07-19 19:33:00.862617+00'),
	('0f784d12-fe6b-4267-a805-7c2f46e5d634', 'chabba', 'Masquerade Skin', 'health', 0, false, NULL, '2025-07-19 19:33:00.862617+00'),
	('c5feddfc-8740-449a-8ca7-c401fe6b4899', 'chabba', 'Lunar Skin', 'magic defense', 0, false, NULL, '2025-07-19 19:33:00.862617+00'),
	('1f27519a-d5f3-4973-8cf7-7917d9858be3', 'chabba', 'Romantic Skin', 'health', 0, true, NULL, '2025-07-19 19:33:00.862617+00'),
	('e7124b25-111f-47ec-b61b-79c3ddcf8aa9', 'galahad', 'Default Skin', 'strength', 0, false, NULL, '2025-07-19 19:33:01.012146+00'),
	('014d555d-4c78-4d21-b0d0-ae8ff6db4fab', 'galahad', 'Angel Skin', 'physical attack', 0, false, NULL, '2025-07-19 19:33:01.012146+00'),
	('f2c41441-2460-4be5-a5d7-3e1752c8337c', 'galahad', 'Champion''s Skin', 'health', 0, false, NULL, '2025-07-19 19:33:01.012146+00'),
	('8172f338-4a80-40fb-953b-8b74b0090180', 'galahad', 'Romantic Skin', 'armor', 0, false, NULL, '2025-07-19 19:33:01.012146+00'),
	('5f27f6eb-e67a-43cd-9f4c-e597e9e5adbd', 'galahad', 'Celestial Skin', 'magic defense', 0, false, NULL, '2025-07-19 19:33:01.012146+00'),
	('c75155e7-2696-4b1e-a494-0aef25791c2d', 'galahad', 'Thunder Skin', 'physical attack', 0, false, NULL, '2025-07-19 19:33:01.012146+00'),
	('9311ff17-b166-4159-8ed0-e69747f09e54', 'iris', 'Default Skin', 'armor penetration', 0, false, NULL, '2025-07-19 19:33:01.083463+00'),
	('8c4bf18b-0a97-4613-bdbb-a8050d83951e', 'jhu', 'Default Skin', 'strength', 0, false, NULL, '2025-07-19 19:33:01.141764+00'),
	('b1a2d5ad-3d18-4d95-98a0-bb8f2071ab39', 'jhu', 'Winter Skin', 'armor penetration', 0, false, NULL, '2025-07-19 19:33:01.141764+00'),
	('e5f2ed9b-7bac-41e9-ade5-d468df3ad723', 'jhu', 'Champion''s Skin', 'magic defense', 0, false, NULL, '2025-07-19 19:33:01.141764+00'),
	('618b7c94-1d6e-4a3b-a752-4d6f61223a06', 'jhu', 'Solar Skin', 'crit hit chance', 0, false, NULL, '2025-07-19 19:33:01.141764+00'),
	('99e3cd84-86d2-432e-9877-9c046f545df4', 'jhu', 'Masquerade Skin', 'physical attack', 0, false, NULL, '2025-07-19 19:33:01.141764+00');


--
